{"cameraMode":{"drawMode":0,"name":"Shaded","section":"Shading Mode"},"sceneLighting":false,"audioPlay":false,"sceneViewState":{"m_AlwaysRefresh":false,"showFog":true,"showSkybox":false,"showFlares":true,"showImageEffects":true,"showParticleSystems":true,"showVisualEffectGraphs":true,"m_FxEnabled":false},"in2DMode":false,"pivot":{"x":-6.716939926147461,"y":-5.1594743728637699,"z":-8.079615592956543},"rotation":{"x":-0.014999324455857277,"y":0.002999714342877269,"z":0.00004504170283325948,"w":0.9998829960823059},"size":1.3823720216751099,"orthographic":true}