{"cameraMode":{"drawMode":0,"name":"Shaded","section":"Shading Mode"},"sceneLighting":true,"audioPlay":false,"sceneViewState":{"m_AlwaysRefresh":false,"showFog":true,"showSkybox":true,"showFlares":true,"showImageEffects":true,"showParticleSystems":true,"showVisualEffectGraphs":true,"m_FxEnabled":false},"in2DMode":false,"pivot":{"x":914.4072875976563,"y":541.1824340820313,"z":-1.6136528253555298},"rotation":{"x":0.011997805908322335,"y":-0.017997626215219499,"z":0.0002160237927455455,"w":0.9997656941413879},"size":676.00634765625,"orthographic":true}