{"cameraMode":{"drawMode":0,"name":"Shaded","section":"Shading Mode"},"sceneLighting":true,"audioPlay":false,"sceneViewState":{"m_AlwaysRefresh":false,"showFog":true,"showSkybox":true,"showFlares":true,"showImageEffects":true,"showParticleSystems":true,"showVisualEffectGraphs":true,"m_FxEnabled":false},"in2DMode":false,"pivot":{"x":-5.765525817871094,"y":-3.4026288986206056,"z":0.6367053985595703},"rotation":{"x":-0.014999324455857277,"y":0.002999714342877269,"z":0.00004504170283325948,"w":0.9998829960823059},"size":7.077536582946777,"orthographic":true}