Unity Editor version:    2022.3.46f1 (8e9b8558c41a)
Branch:                  2022.3/staging
Build type:              Release
Batch mode:              YES
macOS version:           Version 15.4 (Build 24E248)
Darwin version:          24.4.0
Architecture:            arm64
Running under Rosetta:   NO
Available memory:        8192 MB
Using pre-set license
Pro License: YES

COMMAND LINE ARGUMENTS:
/Applications/Unity/Hub/Editor/2022.3.46f1/Unity.app/Contents/MacOS/Unity
-adb2
-batchMode
-noUpm
-name
AssetImportWorker1
-projectPath
/Users/smiller04/Documents/GitHub/missionDemolition/Mission Demolition
-logFile
Logs/AssetImportWorker1.log
-srvPort
61927
Successfully changed project path to: /Users/smiller04/Documents/GitHub/missionDemolition/Mission Demolition
/Users/smiller04/Documents/GitHub/missionDemolition/Mission Demolition
[UnityMemory] Configuration Parameters - Can be set up in boot.config
    "memorysetup-bucket-allocator-granularity=16"
    "memorysetup-bucket-allocator-bucket-count=8"
    "memorysetup-bucket-allocator-block-size=33554432"
    "memorysetup-bucket-allocator-block-count=8"
    "memorysetup-main-allocator-block-size=16777216"
    "memorysetup-thread-allocator-block-size=16777216"
    "memorysetup-gfx-main-allocator-block-size=16777216"
    "memorysetup-gfx-thread-allocator-block-size=16777216"
    "memorysetup-cache-allocator-block-size=4194304"
    "memorysetup-typetree-allocator-block-size=2097152"
    "memorysetup-profiler-bucket-allocator-granularity=16"
    "memorysetup-profiler-bucket-allocator-bucket-count=8"
    "memorysetup-profiler-bucket-allocator-block-size=33554432"
    "memorysetup-profiler-bucket-allocator-block-count=8"
    "memorysetup-profiler-allocator-block-size=16777216"
    "memorysetup-profiler-editor-allocator-block-size=1048576"
    "memorysetup-temp-allocator-size-main=16777216"
    "memorysetup-job-temp-allocator-block-size=2097152"
    "memorysetup-job-temp-allocator-block-size-background=1048576"
    "memorysetup-job-temp-allocator-reduction-small-platforms=262144"
    "memorysetup-allocator-temp-initial-block-size-main=262144"
    "memorysetup-allocator-temp-initial-block-size-worker=262144"
    "memorysetup-temp-allocator-size-background-worker=32768"
    "memorysetup-temp-allocator-size-job-worker=262144"
    "memorysetup-temp-allocator-size-preload-manager=33554432"
    "memorysetup-temp-allocator-size-nav-mesh-worker=65536"
    "memorysetup-temp-allocator-size-audio-worker=65536"
    "memorysetup-temp-allocator-size-cloud-worker=32768"
    "memorysetup-temp-allocator-size-gi-baking-worker=262144"
    "memorysetup-temp-allocator-size-gfx=262144"
Player connection [8481819712]  Target information:

Player connection [8481819712]  * "[IP] 192.168.50.158 [Port] 0 [Flags] 2 [Guid] 2005848940 [EditorId] 2005848940 [Version] 1048832 [Id] OSXEditor(0,MacBookAir) [Debug] 1 [PackageName] OSXEditor [ProjectName] Editor" 

Player connection [8481819712] Host joined multi-casting on [225.0.0.222:54997]...
Player connection [8481819712] Host joined alternative multi-casting on [225.0.0.222:34997]...
[PhysX] Initialized MultithreadedTaskDispatcher with 8 workers.
Refreshing native plugins compatible for Editor in 12.58 ms, found 2 plugins.
Preloading 0 native plugins for Editor in 0.00 ms.
Initialize engine version: 2022.3.46f1 (8e9b8558c41a)
[Subsystems] Discovering subsystems at path /Applications/Unity/Hub/Editor/2022.3.46f1/Unity.app/Contents/Resources/UnitySubsystems
[Subsystems] Discovering subsystems at path /Users/smiller04/Documents/GitHub/missionDemolition/Mission Demolition/Assets
GfxDevice: creating device client; threaded=0; jobified=0
 preferred device: Apple M1 (high power)
Metal devices available: 1
0: Apple M1 (high power)
Using device Apple M1 (high power)
Initializing Metal device caps: Apple M1
Initialize mono
Mono path[0] = '/Applications/Unity/Hub/Editor/2022.3.46f1/Unity.app/Contents/Managed'
Mono path[1] = '/Applications/Unity/Hub/Editor/2022.3.46f1/Unity.app/Contents/MonoBleedingEdge/lib/mono/unityjit-macos'
Mono config path = '/Applications/Unity/Hub/Editor/2022.3.46f1/Unity.app/Contents/MonoBleedingEdge/etc'
Using monoOptions --debugger-agent=transport=dt_socket,embedding=1,server=y,suspend=n,address=127.0.0.1:56293
Begin MonoManager ReloadAssembly
Registering precompiled unity dll's ...
Register platform support module: /Applications/Unity/Hub/Editor/2022.3.46f1/PlaybackEngines/WebGLSupport/UnityEditor.WebGL.Extensions.dll
Register platform support module: /Applications/Unity/Hub/Editor/2022.3.46f1/Unity.app/Contents/PlaybackEngines/MacStandaloneSupport/UnityEditor.OSXStandalone.Extensions.dll
Registered in 0.004590 seconds.
- Loaded All Assemblies, in  0.345 seconds
Native extension for OSXStandalone target not found
Native extension for WebGL target not found
Mono: successfully reloaded assembly
- Finished resetting the current domain, in  0.214 seconds
Domain Reload Profiling: 559ms
	BeginReloadAssembly (105ms)
		ExecutionOrderSort (0ms)
		DisableScriptedObjects (0ms)
		BackupInstance (0ms)
		ReleaseScriptingObjects (0ms)
		CreateAndSetChildDomain (1ms)
	RebuildCommonClasses (29ms)
	RebuildNativeTypeToScriptingClass (9ms)
	initialDomainReloadingComplete (48ms)
	LoadAllAssembliesAndSetupDomain (154ms)
		LoadAssemblies (108ms)
		RebuildTransferFunctionScriptingTraits (0ms)
		AnalyzeDomain (148ms)
			TypeCache.Refresh (146ms)
				TypeCache.ScanAssembly (134ms)
			ScanForSourceGeneratedMonoScriptInfo (0ms)
			ResolveRequiredComponents (1ms)
	FinalizeReload (215ms)
		ReleaseScriptCaches (0ms)
		RebuildScriptCaches (0ms)
		SetupLoadedEditorAssemblies (177ms)
			LogAssemblyErrors (0ms)
			InitializePlatformSupportModulesInManaged (8ms)
			SetLoadedEditorAssemblies (6ms)
			RefreshPlugins (0ms)
			BeforeProcessingInitializeOnLoad (4ms)
			ProcessInitializeOnLoadAttributes (126ms)
			ProcessInitializeOnLoadMethodAttributes (33ms)
			AfterProcessingInitializeOnLoad (0ms)
			EditorAssembliesLoaded (0ms)
		ExecutionOrderSort2 (0ms)
		AwakeInstancesAfterBackupRestoration (0ms)
========================================================================
Worker process is ready to serve import requests
Script is not up to date after domain reload: guid(9b917d42ad338ab4494088f574472998) path("Packages/com.unity.collab-proxy/Editor/Views/Merge/Gluon/IncomingChangesTab.cs") state(2)
Script is not up to date after domain reload: guid(f1b80531a496e644abedd795c21274cb) path("Packages/com.unity.collab-proxy/Editor/Developer/ProgressOperationHandler.cs") state(2)
Script is not up to date after domain reload: guid(a0fc5252a48d8b34f945b4ae3ad45030) path("Packages/com.unity.collab-proxy/Editor/Views/Branch/Dialogs/CreateBranchDialog.cs") state(2)
Script is not up to date after domain reload: guid(ac908610ab768459d9be962750408b43) path("Packages/com.unity.collab-proxy/Editor/UI/PlasticDialog.cs") state(2)
Script is not up to date after domain reload: guid(28ce2dedf734c7c4e8ad114c00173d65) path("Packages/com.unity.collab-proxy/Editor/Inspector/DrawInspectorOperations.cs") state(2)
Script is not up to date after domain reload: guid(71c34e5fa319ca644b6806e573c33d88) path("Packages/com.unity.collab-proxy/Editor/Gluon/Errors/ErrorListViewItem.cs") state(2)
Script is not up to date after domain reload: guid(9b17ac8ceb35dc74fbf646862e01a782) path("Packages/com.unity.collab-proxy/Editor/Gluon/IncomingChangesNotification.cs") state(2)
Script is not up to date after domain reload: guid(7f2f2eb277e02054cbc5ccee904b593b) path("Packages/com.unity.collab-proxy/Editor/Views/Merge/Gluon/IncomingChangesTreeView.cs") state(2)
Script is not up to date after domain reload: guid(05b4d56bb0dca1b458c2e10c2548663b) path("Packages/com.unity.collab-proxy/Editor/Views/PendingChanges/PendingChangesTab_Operations.cs") state(2)
Script is not up to date after domain reload: guid(59e682a8b37338a46910fa9a939425e3) path("Packages/com.unity.collab-proxy/Editor/Views/Changesets/ChangesetsListView.cs") state(2)
Script is not up to date after domain reload: guid(c456fa791a741a045a8a99ee73af2ae6) path("Packages/com.unity.collab-proxy/Editor/AssetMenu/AssetMenuOperations.cs") state(2)
Script is not up to date after domain reload: guid(6629f1bb292b749a18b5fff7994c8b19) path("Packages/com.unity.collab-proxy/Editor/PlasticWindow.cs") state(2)
Script is not up to date after domain reload: guid(a9881fce7e445b84bbbd53752db30fe9) path("Packages/com.unity.collab-proxy/Editor/Views/Merge/Developer/DirectoryConflicts/DrawDirectoryResolutionPanel.cs") state(2)
Script is not up to date after domain reload: guid(7aad121cec1867b4493b3b31bc5c8a26) path("Packages/com.unity.collab-proxy/Editor/VCSPlugin.cs") state(2)
Script is not up to date after domain reload: guid(7c21251ff4b7d844292a388e81e47e59) path("Packages/com.unity.collab-proxy/Editor/Configuration/AutoConfig.cs") state(2)
Script is not up to date after domain reload: guid(cc9b578c680471e41965738c85cbabbf) path("Packages/com.unity.collab-proxy/Editor/Developer/IncomingChangesNotification.cs") state(2)
Script is not up to date after domain reload: guid(100f9184f13dd20448c29dc74f30dce1) path("Packages/com.unity.collab-proxy/Editor/Toolbar/ToolbarButton.cs") state(2)
Script is not up to date after domain reload: guid(2b3223ee740687445a7e4bc793fa2aae) path("Packages/com.unity.collab-proxy/Editor/Configuration/ConfigurePartialWorkspace.cs") state(2)
Script is not up to date after domain reload: guid(a9e847d045a7744b08c7a37912965cdc) path("Packages/com.unity.collab-proxy/Editor/Views/PendingChanges/ChangeTreeViewItem.cs") state(2)
Script is not up to date after domain reload: guid(de7c5b4b6cb58e546b24137064ac9025) path("Packages/com.unity.collab-proxy/Editor/Hub/Operations/CreateWorkspace.cs") state(2)
Script is not up to date after domain reload: guid(d1c46ccb760d06146a24b7e265e19566) path("Packages/com.unity.collab-proxy/Editor/WebApi/CredentialsResponse.cs") state(2)
Script is not up to date after domain reload: guid(a077a49d9db9de74f827f0568f6e65c2) path("Packages/com.unity.collab-proxy/Editor/AssetsUtils/AssetsPath.cs") state(2)
Script is not up to date after domain reload: guid(a840d4787ba856c4dbaf61207189b00c) path("Packages/com.unity.collab-proxy/Editor/AutoRefresh.cs") state(2)
Script is not up to date after domain reload: guid(2dae17e8419667e46a2a476dd2cd18e0) path("Packages/com.unity.collab-proxy/Editor/UI/StatusBar/StatusBar.cs") state(2)
Script is not up to date after domain reload: guid(29e0becc4ce852c439ff3e642f0375bd) path("Packages/com.unity.collab-proxy/Editor/Views/CreateWorkspace/PerformInitialCheckin.cs") state(2)
Script is not up to date after domain reload: guid(3a49359b59c12b74386ca6816923ec2c) path("Packages/com.unity.collab-proxy/Editor/Views/History/HistoryTab.cs") state(2)
Script is not up to date after domain reload: guid(c60feb8f0f5f57c4393eae9a43529616) path("Packages/com.unity.collab-proxy/Editor/UI/UnityConstants.cs") state(2)
Script is not up to date after domain reload: guid(e57a1c5d3e1c8844eb3893fed51c9727) path("Packages/com.unity.collab-proxy/Editor/WebApi/WebRestApiClient.cs") state(2)
Script is not up to date after domain reload: guid(678db227e4ffec949980d309c0532b08) path("Packages/com.unity.collab-proxy/Editor/AssetMenu/Dialogs/CheckinDialog.cs") state(2)
Script is not up to date after domain reload: guid(d287890d8b11cb7498506935c825b43d) path("Packages/com.unity.collab-proxy/Editor/Views/Merge/Gluon/IncomingChangesSelection.cs") state(2)
Script is not up to date after domain reload: guid(4ad84899006a47b9b710662c93ec6448) path("Packages/com.unity.collab-proxy/Editor/Views/Locks/LocksListView.cs") state(2)
Script is not up to date after domain reload: guid(e210f95899b654f50b335e8f56ff0efa) path("Assets/_Scripts/Slingshot.cs") state(2)
Script is not up to date after domain reload: guid(2350e7d7f6d79024da24dea8f15a6881) path("Packages/com.unity.collab-proxy/Editor/Views/Branch/BranchesTab.cs") state(2)
Script is not up to date after domain reload: guid(349d4bc84d3b4fa48a1970539c06144c) path("Packages/com.unity.collab-proxy/Editor/Views/Merge/Gluon/IncomingChangesViewMenu.cs") state(2)
Script is not up to date after domain reload: guid(f4a41e458bcb22946bcfa6b165c90288) path("Packages/com.unity.collab-proxy/Editor/Views/Branch/BranchesListHeaderState.cs") state(2)
Script is not up to date after domain reload: guid(5474cb78511de04459cac50d50b9d9e0) path("Packages/com.unity.collab-proxy/Editor/UI/DrawSearchField.cs") state(2)
Script is not up to date after domain reload: guid(0ee79162e06c6984a97600b7c0680611) path("Packages/com.unity.collab-proxy/Editor/Views/Diff/DiffPanel.cs") state(2)
Script is not up to date after domain reload: guid(09b199e86de5d1944ab9106ca2c11f75) path("Packages/com.unity.collab-proxy/Editor/Gluon/ProgressOperationHandler.cs") state(2)
Script is not up to date after domain reload: guid(1b2dfd8c552c2468ca523d8dbb93ea5d) path("Packages/com.unity.collab-proxy/Editor/Views/PendingChanges/PendingChangesTab.cs") state(2)
Script is not up to date after domain reload: guid(faf2afd8696f4604f82f46b06b357f06) path("Packages/com.unity.collab-proxy/Editor/Views/Merge/Gluon/ChangeCategoryTreeViewItem.cs") state(2)
Script is not up to date after domain reload: guid(65c9d93f86da86b41a712d92e8f03dc2) path("Packages/com.unity.collab-proxy/Editor/UI/GetPlasticShortcut.cs") state(2)
Script is not up to date after domain reload: guid(d491adc3134c2ac4d9e3c61ed42a7ccd) path("Packages/com.unity.collab-proxy/Editor/Views/Merge/Gluon/ChangeTreeViewItem.cs") state(2)
Script is not up to date after domain reload: guid(ca17c170df6db5042b70adc65fbe770c) path("Packages/com.unity.collab-proxy/Editor/PlasticMenuItem.cs") state(2)
Script is not up to date after domain reload: guid(8e956137d866cfc4797b1830930ed57e) path("Packages/com.unity.collab-proxy/Editor/ExternalLink.cs") state(2)
Script is not up to date after domain reload: guid(a1f5156c89fd104459e8ec0cc3098899) path("Packages/com.unity.collab-proxy/Editor/Views/Branch/BranchesViewMenu.cs") state(2)
Script is not up to date after domain reload: guid(608efd4e185fb9440bb8550d98e20ca4) path("Packages/com.unity.collab-proxy/Editor/Hub/Operations/DownloadRepository.cs") state(2)
Script is not up to date after domain reload: guid(d097a5d507694ba7ac97bc9a9f2942e3) path("Packages/com.unity.collab-proxy/Editor/Settings/PlasticProjectSettingsProvider.cs") state(2)
Script is not up to date after domain reload: guid(a6d05b29e607e62478df26227566e1b9) path("Packages/com.unity.collab-proxy/Editor/Tool/LaunchTool.cs") state(2)
Script is not up to date after domain reload: guid(594dcd9e9e4804aa281a66d024d30752) path("Packages/com.unity.collab-proxy/Editor/Views/PendingChanges/PendingChangesTreeView.cs") state(2)
Script is not up to date after domain reload: guid(bba806fdb20eb5a4da6cc856323d6273) path("Packages/com.unity.collab-proxy/Editor/Configuration/CloudEdition/Welcome/SignInPanel.cs") state(2)
Script is not up to date after domain reload: guid(45d03e5c984da3448b417289e95e4291) path("Packages/com.unity.collab-proxy/Editor/Views/PendingChanges/Dialogs/FilterRulesConfirmationDialog.cs") state(2)
Script is not up to date after domain reload: guid(0f222cc01be81b842b1333c92fb7355c) path("Packages/com.unity.collab-proxy/Editor/UI/DrawUserIcon.cs") state(2)
Script is not up to date after domain reload: guid(c46424c57c6462945b14ac0c95281406) path("Packages/com.unity.collab-proxy/Editor/Configuration/CredentialsDialog.cs") state(2)
Script is not up to date after domain reload: guid(9bef80072d106be4ea36de88adc0e985) path("Packages/com.unity.collab-proxy/Editor/Inspector/InspectorAssetSelection.cs") state(2)
Script is not up to date after domain reload: guid(c18598e9d808edb4583a6aa724ffc268) path("Packages/com.unity.collab-proxy/Editor/Views/CreateWorkspace/Dialogs/RepositoriesListView.cs") state(2)
Script is not up to date after domain reload: guid(de6e8913aefd69d4ca90a7216d225d3a) path("Packages/com.unity.collab-proxy/Editor/Tool/ToolConstants.cs") state(2)
Script is not up to date after domain reload: guid(e57affb3c41ab402e86f99747be972a2) path("Packages/com.unity.collab-proxy/Editor/Views/PendingChanges/PendingChangesTreeHeaderState.cs") state(2)
Script is not up to date after domain reload: guid(61f74d0a8a3f1f542b8afe99e65686df) path("Packages/com.unity.collab-proxy/Editor/Views/CreateWorkspace/Dialogs/CreateRepositoryDialog.cs") state(2)
Script is not up to date after domain reload: guid(d765c78b18a58b14a986b34841ae9c52) path("Packages/com.unity.collab-proxy/Editor/UI/Images.cs") state(2)
Script is not up to date after domain reload: guid(7a04ed4805f84fd4a8ceee51915ba39a) path("Packages/com.unity.collab-proxy/Editor/Views/Merge/IIncomingChangesTab.cs") state(2)
Script is not up to date after domain reload: guid(f25df29da91c45449ada5f3da8cf20ea) path("Packages/com.unity.collab-proxy/Editor/Tool/IsExeAvailable.cs") state(2)
Script is not up to date after domain reload: guid(2f536f0e9a974d75b293f6aee8e2cdf2) path("Packages/com.unity.collab-proxy/Editor/Views/Locks/LocksTab.cs") state(2)
Script is not up to date after domain reload: guid(d877163a4d5b71945ae435ce29592751) path("Packages/com.unity.collab-proxy/Editor/_Deprecated/CollabMigration/MigrateCollabProject.cs") state(2)
Script is not up to date after domain reload: guid(331d1c37d891f334390adb8324042856) path("Packages/com.unity.collab-proxy/Editor/Gluon/Errors/ErrorsListView.cs") state(2)
Script is not up to date after domain reload: guid(2c9c0041347ae4e4cb794a3da850fa79) path("Packages/com.unity.collab-proxy/Editor/Views/Diff/DiffTreeViewMenu.cs") state(2)
Script is not up to date after domain reload: guid(21c48a9c4396ce94eb4a38975f725e8c) path("Packages/com.unity.collab-proxy/Editor/PlasticShutdown.cs") state(2)
Script is not up to date after domain reload: guid(aebdb56b44622b2468b014e27e5e28e5) path("Packages/com.unity.collab-proxy/Editor/PlasticPlugin.cs") state(2)
Script is not up to date after domain reload: guid(06e8f2c592322e640ae99a833427b552) path("Packages/com.unity.collab-proxy/Editor/Views/Changesets/ChangesetsTab_Operations.cs") state(2)
Script is not up to date after domain reload: guid(0ad54f9e1bb701142b116d0d1ed98437) path("Packages/com.unity.collab-proxy/Editor/Configuration/CloudEdition/Welcome/CloudEditionWelcomeWindow.cs") state(2)
Script is not up to date after domain reload: guid(83882c7718d0fc34f8a05141328ceac1) path("Packages/com.unity.collab-proxy/Editor/Views/CreateWorkspace/Dialogs/RepositoryListViewItem.cs") state(2)
Script is not up to date after domain reload: guid(c0821447a35700c4280782d1092cf4c5) path("Packages/com.unity.collab-proxy/Editor/Views/Merge/Gluon/IncomingChangesTreeHeaderState.cs") state(2)
Script is not up to date after domain reload: guid(23471c5c18843794fba363cb093b5a05) path("Packages/com.unity.collab-proxy/Editor/Views/PendingChanges/DrawCommentTextArea.cs") state(2)
Script is not up to date after domain reload: guid(806bdb4f911275c4ca1ee81fde4b4d4f) path("Packages/com.unity.collab-proxy/Editor/Configuration/CloudEdition/Welcome/AutoLogin.cs") state(2)
Script is not up to date after domain reload: guid(608f66b5adac272459273ddaf3e4db5d) path("Packages/com.unity.collab-proxy/Editor/PlasticApp.cs") state(2)
Script is not up to date after domain reload: guid(0092dcc3ac595ea43981eedc23012f72) path("Packages/com.unity.collab-proxy/Editor/Views/PendingChanges/PendingChangesViewPendingChangeMenu.cs") state(2)
Script is not up to date after domain reload: guid(e9ffdef169b1cbb4e9910671a9ee83bc) path("Packages/com.unity.collab-proxy/Editor/AssetsUtils/Processor/AssetPostprocessor.cs") state(2)
Script is not up to date after domain reload: guid(156e16594aa6bd54cb77aa3f8eae5c82) path("Packages/com.unity.collab-proxy/Editor/Views/Diff/ChangeCategoryTreeViewItem.cs") state(2)
Script is not up to date after domain reload: guid(3f227b28cf424364489edd67fce697bc) path("Packages/com.unity.collab-proxy/Editor/AssetOverlays/Cache/AssetStatusCache.cs") state(2)
Script is not up to date after domain reload: guid(226459a134855504d841db6b61519d2b) path("Packages/com.unity.collab-proxy/Editor/AssetOverlays/Cache/LocalStatusCache.cs") state(2)
Script is not up to date after domain reload: guid(5b6e8a80709e2264eb383ef6b40e181f) path("Packages/com.unity.collab-proxy/Editor/Views/History/HistoryListHeaderState.cs") state(2)
Script is not up to date after domain reload: guid(cd17bd02643083b43bac72747b7641ff) path("Packages/com.unity.collab-proxy/Editor/NewIncomingChanges.cs") state(2)
Script is not up to date after domain reload: guid(b6aa72bc8240f514988bcccf4cf3cef5) path("Packages/com.unity.collab-proxy/Editor/_Deprecated/WebApi/IsCollabProjectMigratedResponse.cs") state(2)
Script is not up to date after domain reload: guid(3a6fba741cdd5fb4982a73a4d791754f) path("Packages/com.unity.collab-proxy/Editor/UI/DockEditorWindow.cs") state(2)
Script is not up to date after domain reload: guid(cf7c1a153f50c6548bfff5dfd2ef5dff) path("Packages/com.unity.collab-proxy/Editor/SwitchModeConfirmationDialog.cs") state(2)
Script is not up to date after domain reload: guid(595175d7af8f8234a9336a60e33b4f32) path("Packages/com.unity.collab-proxy/Editor/UI/Tree/DrawTreeViewItem.cs") state(2)
Script is not up to date after domain reload: guid(640fd06dff6f43498693eeda77683e6e) path("Packages/com.unity.collab-proxy/Editor/UI/DrawActionButtonWithMenu.cs") state(2)
Script is not up to date after domain reload: guid(0f34fdc6653d640839eaa1d2bc1bd538) path("Packages/com.unity.collab-proxy/Editor/Views/Locks/LocksViewMenu.cs") state(2)
Script is not up to date after domain reload: guid(7c8a8e3e4456f9149905cf2c80aa41a9) path("Packages/com.unity.collab-proxy/Editor/AssetMenu/AssetMenuItems.cs") state(2)
Script is not up to date after domain reload: guid(363c1190d7979084c84a0421cedb3a51) path("Packages/com.unity.collab-proxy/Editor/WebApi/CurrentUserAdminCheckResponse.cs") state(2)
Script is not up to date after domain reload: guid(3ccc9b689652f0b40b53c731af81f034) path("Packages/com.unity.collab-proxy/Editor/Views/PendingChanges/Dialogs/LaunchDependenciesDialog.cs") state(2)
Script is not up to date after domain reload: guid(c584c584ba20f4daea226141b9e55bd0) path("Packages/com.unity.collab-proxy/Editor/Views/PendingChanges/Dialogs/DependenciesDialog.cs") state(2)
Script is not up to date after domain reload: guid(69ebbdad2c303214683305d65fe26726) path("Packages/com.unity.collab-proxy/Editor/Views/Merge/Developer/ChangeTreeViewItem.cs") state(2)
Script is not up to date after domain reload: guid(b8a49294ba135a2408fd1b26bcda6f97) path("Packages/com.unity.collab-proxy/Editor/AssetMenu/ProjectViewAssetSelection.cs") state(2)
Script is not up to date after domain reload: guid(5013a6f8fee1f2a49b06f75fc5a6ece4) path("Packages/com.unity.collab-proxy/Editor/Views/Merge/Developer/IsCurrent.cs") state(2)
Script is not up to date after domain reload: guid(7495e44f1cb132745a310485807e68f6) path("Packages/com.unity.collab-proxy/Editor/AssetsUtils/RefreshAsset.cs") state(2)
Script is not up to date after domain reload: guid(118b64466f3c7c24e98e147660e2eb98) path("Packages/com.unity.collab-proxy/Editor/_Deprecated/WebApi/ChangesetFromCollabCommitResponse.cs") state(2)
Script is not up to date after domain reload: guid(ee61022c90cce0b49bb0e459b11ec2ee) path("Packages/com.unity.collab-proxy/Editor/UI/UnityPlasticGuiMessage.cs") state(2)
Script is not up to date after domain reload: guid(701a688f3cb0245579bf46b63d0b7134) path("Packages/com.unity.collab-proxy/Editor/UI/RunModal.cs") state(2)
Script is not up to date after domain reload: guid(8b1d1407c22e5844698f18df6a9f1781) path("Packages/com.unity.collab-proxy/Editor/_Deprecated/CollabPlugin.cs") state(2)
Script is not up to date after domain reload: guid(bd26c4fb413ea6d4687ebc488ff8a8c4) path("Packages/com.unity.collab-proxy/Editor/UI/Tree/DrawTreeViewEmptyState.cs") state(2)
Script is not up to date after domain reload: guid(d5366deaa0659eb44aa77a86d8bdc01a) path("Packages/com.unity.collab-proxy/Editor/UI/Tree/GetChangesOverlayIcon.cs") state(2)
Script is not up to date after domain reload: guid(c408e05e88bc93c458a3195b15e9d625) path("Packages/com.unity.collab-proxy/Editor/Views/Merge/Developer/ChangeCategoryTreeViewItem.cs") state(2)
Script is not up to date after domain reload: guid(077387e98bf29fb4a97bccfb592cfaf7) path("Packages/com.unity.collab-proxy/Editor/Configuration/CloudEdition/Welcome/WaitingSignInPanel.cs") state(2)
Script is not up to date after domain reload: guid(9019d1f6d4a14cb49a269dbffb6ea011) path("Packages/com.unity.collab-proxy/Editor/PlasticConnectionMonitor.cs") state(2)
Script is not up to date after domain reload: guid(397f62458d0ad3441aaaa1a738bd4f94) path("Packages/com.unity.collab-proxy/Editor/Views/Changesets/ChangesetsViewMenu.cs") state(2)
Script is not up to date after domain reload: guid(d6db53f93de967c489902da57a7290a1) path("Packages/com.unity.collab-proxy/Editor/Views/Merge/Developer/IsResolved.cs") state(2)
Script is not up to date after domain reload: guid(fdec637f96aaa6546ad88a90cae5dcf1) path("Packages/com.unity.collab-proxy/Editor/AssetsUtils/Processor/WorkspaceOperationsMonitor.cs") state(2)
Script is not up to date after domain reload: guid(0a3ad267026374439be70d4b4cd3d4f7) path("Packages/com.unity.collab-proxy/Editor/UI/UnityStyles.cs") state(2)
Script is not up to date after domain reload: guid(471badd5c87fb154885f11cdf1b49a00) path("Packages/com.unity.collab-proxy/Editor/Views/Changesets/ChangesetsTab.cs") state(2)
Script is not up to date after domain reload: guid(a9298a2c04dfc944bbc6ea156f4e2104) path("Packages/com.unity.collab-proxy/Editor/Views/Welcome/WelcomeView.cs") state(2)
Script is not up to date after domain reload: guid(8c069d7fb0d30cf499458f0d9c9fe035) path("Packages/com.unity.collab-proxy/Editor/Gluon/Errors/ErrorsListHeaderState.cs") state(2)
Script is not up to date after domain reload: guid(f1969c6a4a44a474983058896f48d9f5) path("Packages/com.unity.collab-proxy/Editor/Configuration/SSOCredentialsDialog.cs") state(2)
Script is not up to date after domain reload: guid(f88a4e9dbb5a07744954a86cbb61d54f) path("Packages/com.unity.collab-proxy/Editor/Views/Merge/Developer/DirectoryConflicts/ConflictResolutionState.cs") state(2)
Script is not up to date after domain reload: guid(4932f8b3d8c26804bb16dc5cb5b766ce) path("Packages/com.unity.collab-proxy/Editor/WebApi/TokenExchangeResponse.cs") state(2)
Script is not up to date after domain reload: guid(0188683ab76112f4897348feb19a3b77) path("Packages/com.unity.collab-proxy/Editor/Gluon/UpdateReport/ErrorListViewItem.cs") state(2)
Script is not up to date after domain reload: guid(6fb9548ec1290b943b7beca241c81e7d) path("Packages/com.unity.collab-proxy/Editor/Views/Merge/Gluon/UnityIncomingChangesTree.cs") state(2)
Script is not up to date after domain reload: guid(63860c9f5f91cbb4ea813deafa1327a0) path("Packages/com.unity.collab-proxy/Editor/WebApi/SubscriptionDetailsResponse.cs") state(2)
Script is not up to date after domain reload: guid(ea0c99d9630e5ca40ba541545beec9b8) path("Packages/com.unity.collab-proxy/Editor/PlasticNotification.cs") state(2)
Script is not up to date after domain reload: guid(85f4628ae66f0eb439e59db66adbc696) path("Packages/com.unity.collab-proxy/Editor/Configuration/CloudEdition/Welcome/SignInWithEmailPanel.cs") state(2)
Script is not up to date after domain reload: guid(1b909cb14b9a08c45b5d03f0b61feecb) path("Packages/com.unity.collab-proxy/Editor/Views/Branch/BranchesListView.cs") state(2)
Script is not up to date after domain reload: guid(692efc1eed5c84f29bf2d65887fd852c) path("Assets/_Scripts/FollowCam.cs") state(2)
Script is not up to date after domain reload: guid(788db2c7ca3c2804d912f447ffc19856) path("Packages/com.unity.collab-proxy/Editor/Views/CreateWorkspace/DrawCreateWorkspaceView.cs") state(2)
Script is not up to date after domain reload: guid(14c7ad7d838cc1d4691f5d9ca504f0ac) path("Packages/com.unity.collab-proxy/Editor/DrawGuiModeSwitcher.cs") state(2)
Script is not up to date after domain reload: guid(f6aa8eca9e9e84840b73620eb177ea9e) path("Packages/com.unity.collab-proxy/Editor/CheckWorkspaceTreeNodeStatus.cs") state(2)
Script is not up to date after domain reload: guid(7ff9581aa143f4d41b4e351881b8f459) path("Packages/com.unity.collab-proxy/Editor/Views/Changesets/ChangesetsListHeaderState.cs") state(2)
Script is not up to date after domain reload: guid(896223e567b01c747b4726ef429e31ea) path("Packages/com.unity.collab-proxy/Editor/ViewSwitcher.cs") state(2)
Script is not up to date after domain reload: guid(c08cfcfc4c2c46c46940ed103538acae) path("Packages/com.unity.collab-proxy/Editor/UI/DrawActionButton.cs") state(2)
Script is not up to date after domain reload: guid(2bdca37e8ede38949a186765fa1eefc6) path("Packages/com.unity.collab-proxy/Editor/UI/ShowWindow.cs") state(2)
Script is not up to date after domain reload: guid(75e502da07ff345528edbecd094b5cb5) path("Packages/com.unity.collab-proxy/Editor/UI/CooldownWindowDelayer.cs") state(2)
Script is not up to date after domain reload: guid(5294f667272fcb2438a79369c92cc7e7) path("Packages/com.unity.collab-proxy/Editor/Views/CreateWorkspace/CreateWorkspaceView.cs") state(2)
Script is not up to date after domain reload: guid(c3cec769cd6ff2849aa09c811b62e611) path("Packages/com.unity.collab-proxy/Editor/Views/History/HistoryListViewMenu.cs") state(2)
Script is not up to date after domain reload: guid(802adf99bdbb1a3439a0a09ae5664192) path("Packages/com.unity.collab-proxy/Editor/AssetsUtils/SaveAssets.cs") state(2)
Script is not up to date after domain reload: guid(2e38b4690fec967478ecffad444155e6) path("Packages/com.unity.collab-proxy/Editor/_Deprecated/WebApi/OrganizationCredentials.cs") state(2)
Script is not up to date after domain reload: guid(83b1892330f664c16ac7cfaf0c0607f2) path("Assets/_Scripts/Projectile.cs") state(2)
Script is not up to date after domain reload: guid(b29af44841cd6644e876233cd057bc18) path("Packages/com.unity.collab-proxy/Editor/Views/CreateWorkspace/Dialogs/RepositoryExplorerDialog.cs") state(2)
Script is not up to date after domain reload: guid(d9369fa547ca81b4fafa42a3e74c1b7a) path("Packages/com.unity.collab-proxy/Editor/AssetsUtils/GetSelectedPaths.cs") state(2)
Script is not up to date after domain reload: guid(68d5bb402c52edc48b494a59b8971758) path("Packages/com.unity.collab-proxy/Editor/Configuration/EncryptionConfigurationDialog.cs") state(2)
Script is not up to date after domain reload: guid(ade7225274b3d4c32a9eb7e64f83c5a1) path("Packages/com.unity.collab-proxy/Editor/Views/PendingChanges/ChangeCategoryTreeViewItem.cs") state(2)
Script is not up to date after domain reload: guid(1dc96db8ece508c4696f7e89c2cd11e3) path("Packages/com.unity.collab-proxy/Editor/UnityConfigurationChecker.cs") state(2)
Script is not up to date after domain reload: guid(41633509da720014cbd77f755b378ce7) path("Packages/com.unity.collab-proxy/Editor/Views/CreateWorkspace/CreateWorkspaceViewState.cs") state(2)
Script is not up to date after domain reload: guid(615ff93ab52eb8242a9194d4f711676f) path("Packages/com.unity.collab-proxy/Editor/Configuration/CloudEdition/Welcome/OrganizationPanel.cs") state(2)
Script is not up to date after domain reload: guid(7985a2b6ab3fac849929b1e2d51fe9cf) path("Packages/com.unity.collab-proxy/Editor/Hub/Operations/OperationParams.cs") state(2)
Script is not up to date after domain reload: guid(30e9a0b4c58f24512803e160e0216686) path("Packages/com.unity.collab-proxy/Editor/WorkspaceWindow.cs") state(2)
Caller must complete domain reload
Begin MonoManager ReloadAssembly
- Loaded All Assemblies, in  0.812 seconds
Native extension for OSXStandalone target not found
Native extension for WebGL target not found
Mono: successfully reloaded assembly
- Finished resetting the current domain, in  0.416 seconds
Domain Reload Profiling: 1231ms
	BeginReloadAssembly (238ms)
		ExecutionOrderSort (0ms)
		DisableScriptedObjects (10ms)
		BackupInstance (0ms)
		ReleaseScriptingObjects (1ms)
		CreateAndSetChildDomain (58ms)
	RebuildCommonClasses (50ms)
	RebuildNativeTypeToScriptingClass (14ms)
	initialDomainReloadingComplete (50ms)
	LoadAllAssembliesAndSetupDomain (463ms)
		LoadAssemblies (361ms)
		RebuildTransferFunctionScriptingTraits (0ms)
		AnalyzeDomain (199ms)
			TypeCache.Refresh (181ms)
				TypeCache.ScanAssembly (154ms)
			ScanForSourceGeneratedMonoScriptInfo (13ms)
			ResolveRequiredComponents (4ms)
	FinalizeReload (416ms)
		ReleaseScriptCaches (0ms)
		RebuildScriptCaches (0ms)
		SetupLoadedEditorAssemblies (314ms)
			LogAssemblyErrors (0ms)
			InitializePlatformSupportModulesInManaged (4ms)
			SetLoadedEditorAssemblies (3ms)
			RefreshPlugins (0ms)
			BeforeProcessingInitializeOnLoad (47ms)
			ProcessInitializeOnLoadAttributes (247ms)
			ProcessInitializeOnLoadMethodAttributes (12ms)
			AfterProcessingInitializeOnLoad (1ms)
			EditorAssembliesLoaded (0ms)
		ExecutionOrderSort2 (0ms)
		AwakeInstancesAfterBackupRestoration (2ms)
Script is not up to date after domain reload: guid(9b917d42ad338ab4494088f574472998) path("Packages/com.unity.collab-proxy/Editor/Views/Merge/Gluon/IncomingChangesTab.cs") state(2)
Script is not up to date after domain reload: guid(f1b80531a496e644abedd795c21274cb) path("Packages/com.unity.collab-proxy/Editor/Developer/ProgressOperationHandler.cs") state(2)
Script is not up to date after domain reload: guid(a0fc5252a48d8b34f945b4ae3ad45030) path("Packages/com.unity.collab-proxy/Editor/Views/Branch/Dialogs/CreateBranchDialog.cs") state(2)
Script is not up to date after domain reload: guid(ac908610ab768459d9be962750408b43) path("Packages/com.unity.collab-proxy/Editor/UI/PlasticDialog.cs") state(2)
Script is not up to date after domain reload: guid(28ce2dedf734c7c4e8ad114c00173d65) path("Packages/com.unity.collab-proxy/Editor/Inspector/DrawInspectorOperations.cs") state(2)
Script is not up to date after domain reload: guid(71c34e5fa319ca644b6806e573c33d88) path("Packages/com.unity.collab-proxy/Editor/Gluon/Errors/ErrorListViewItem.cs") state(2)
Script is not up to date after domain reload: guid(9b17ac8ceb35dc74fbf646862e01a782) path("Packages/com.unity.collab-proxy/Editor/Gluon/IncomingChangesNotification.cs") state(2)
Script is not up to date after domain reload: guid(7f2f2eb277e02054cbc5ccee904b593b) path("Packages/com.unity.collab-proxy/Editor/Views/Merge/Gluon/IncomingChangesTreeView.cs") state(2)
Script is not up to date after domain reload: guid(05b4d56bb0dca1b458c2e10c2548663b) path("Packages/com.unity.collab-proxy/Editor/Views/PendingChanges/PendingChangesTab_Operations.cs") state(2)
Script is not up to date after domain reload: guid(59e682a8b37338a46910fa9a939425e3) path("Packages/com.unity.collab-proxy/Editor/Views/Changesets/ChangesetsListView.cs") state(2)
Script is not up to date after domain reload: guid(c456fa791a741a045a8a99ee73af2ae6) path("Packages/com.unity.collab-proxy/Editor/AssetMenu/AssetMenuOperations.cs") state(2)
Script is not up to date after domain reload: guid(6629f1bb292b749a18b5fff7994c8b19) path("Packages/com.unity.collab-proxy/Editor/PlasticWindow.cs") state(2)
Script is not up to date after domain reload: guid(a9881fce7e445b84bbbd53752db30fe9) path("Packages/com.unity.collab-proxy/Editor/Views/Merge/Developer/DirectoryConflicts/DrawDirectoryResolutionPanel.cs") state(2)
Script is not up to date after domain reload: guid(7aad121cec1867b4493b3b31bc5c8a26) path("Packages/com.unity.collab-proxy/Editor/VCSPlugin.cs") state(2)
Script is not up to date after domain reload: guid(7c21251ff4b7d844292a388e81e47e59) path("Packages/com.unity.collab-proxy/Editor/Configuration/AutoConfig.cs") state(2)
Script is not up to date after domain reload: guid(cc9b578c680471e41965738c85cbabbf) path("Packages/com.unity.collab-proxy/Editor/Developer/IncomingChangesNotification.cs") state(2)
Script is not up to date after domain reload: guid(100f9184f13dd20448c29dc74f30dce1) path("Packages/com.unity.collab-proxy/Editor/Toolbar/ToolbarButton.cs") state(2)
Script is not up to date after domain reload: guid(2b3223ee740687445a7e4bc793fa2aae) path("Packages/com.unity.collab-proxy/Editor/Configuration/ConfigurePartialWorkspace.cs") state(2)
Script is not up to date after domain reload: guid(a9e847d045a7744b08c7a37912965cdc) path("Packages/com.unity.collab-proxy/Editor/Views/PendingChanges/ChangeTreeViewItem.cs") state(2)
Script is not up to date after domain reload: guid(de7c5b4b6cb58e546b24137064ac9025) path("Packages/com.unity.collab-proxy/Editor/Hub/Operations/CreateWorkspace.cs") state(2)
Script is not up to date after domain reload: guid(d1c46ccb760d06146a24b7e265e19566) path("Packages/com.unity.collab-proxy/Editor/WebApi/CredentialsResponse.cs") state(2)
Script is not up to date after domain reload: guid(a077a49d9db9de74f827f0568f6e65c2) path("Packages/com.unity.collab-proxy/Editor/AssetsUtils/AssetsPath.cs") state(2)
Script is not up to date after domain reload: guid(a840d4787ba856c4dbaf61207189b00c) path("Packages/com.unity.collab-proxy/Editor/AutoRefresh.cs") state(2)
Script is not up to date after domain reload: guid(2dae17e8419667e46a2a476dd2cd18e0) path("Packages/com.unity.collab-proxy/Editor/UI/StatusBar/StatusBar.cs") state(2)
Script is not up to date after domain reload: guid(29e0becc4ce852c439ff3e642f0375bd) path("Packages/com.unity.collab-proxy/Editor/Views/CreateWorkspace/PerformInitialCheckin.cs") state(2)
Script is not up to date after domain reload: guid(3a49359b59c12b74386ca6816923ec2c) path("Packages/com.unity.collab-proxy/Editor/Views/History/HistoryTab.cs") state(2)
Script is not up to date after domain reload: guid(c60feb8f0f5f57c4393eae9a43529616) path("Packages/com.unity.collab-proxy/Editor/UI/UnityConstants.cs") state(2)
Script is not up to date after domain reload: guid(e57a1c5d3e1c8844eb3893fed51c9727) path("Packages/com.unity.collab-proxy/Editor/WebApi/WebRestApiClient.cs") state(2)
Script is not up to date after domain reload: guid(678db227e4ffec949980d309c0532b08) path("Packages/com.unity.collab-proxy/Editor/AssetMenu/Dialogs/CheckinDialog.cs") state(2)
Script is not up to date after domain reload: guid(d287890d8b11cb7498506935c825b43d) path("Packages/com.unity.collab-proxy/Editor/Views/Merge/Gluon/IncomingChangesSelection.cs") state(2)
Script is not up to date after domain reload: guid(4ad84899006a47b9b710662c93ec6448) path("Packages/com.unity.collab-proxy/Editor/Views/Locks/LocksListView.cs") state(2)
Script is not up to date after domain reload: guid(e210f95899b654f50b335e8f56ff0efa) path("Assets/_Scripts/Slingshot.cs") state(2)
Script is not up to date after domain reload: guid(2350e7d7f6d79024da24dea8f15a6881) path("Packages/com.unity.collab-proxy/Editor/Views/Branch/BranchesTab.cs") state(2)
Script is not up to date after domain reload: guid(349d4bc84d3b4fa48a1970539c06144c) path("Packages/com.unity.collab-proxy/Editor/Views/Merge/Gluon/IncomingChangesViewMenu.cs") state(2)
Script is not up to date after domain reload: guid(f4a41e458bcb22946bcfa6b165c90288) path("Packages/com.unity.collab-proxy/Editor/Views/Branch/BranchesListHeaderState.cs") state(2)
Script is not up to date after domain reload: guid(5474cb78511de04459cac50d50b9d9e0) path("Packages/com.unity.collab-proxy/Editor/UI/DrawSearchField.cs") state(2)
Script is not up to date after domain reload: guid(0ee79162e06c6984a97600b7c0680611) path("Packages/com.unity.collab-proxy/Editor/Views/Diff/DiffPanel.cs") state(2)
Script is not up to date after domain reload: guid(09b199e86de5d1944ab9106ca2c11f75) path("Packages/com.unity.collab-proxy/Editor/Gluon/ProgressOperationHandler.cs") state(2)
Script is not up to date after domain reload: guid(1b2dfd8c552c2468ca523d8dbb93ea5d) path("Packages/com.unity.collab-proxy/Editor/Views/PendingChanges/PendingChangesTab.cs") state(2)
Script is not up to date after domain reload: guid(faf2afd8696f4604f82f46b06b357f06) path("Packages/com.unity.collab-proxy/Editor/Views/Merge/Gluon/ChangeCategoryTreeViewItem.cs") state(2)
Script is not up to date after domain reload: guid(65c9d93f86da86b41a712d92e8f03dc2) path("Packages/com.unity.collab-proxy/Editor/UI/GetPlasticShortcut.cs") state(2)
Script is not up to date after domain reload: guid(d491adc3134c2ac4d9e3c61ed42a7ccd) path("Packages/com.unity.collab-proxy/Editor/Views/Merge/Gluon/ChangeTreeViewItem.cs") state(2)
Script is not up to date after domain reload: guid(ca17c170df6db5042b70adc65fbe770c) path("Packages/com.unity.collab-proxy/Editor/PlasticMenuItem.cs") state(2)
Script is not up to date after domain reload: guid(8e956137d866cfc4797b1830930ed57e) path("Packages/com.unity.collab-proxy/Editor/ExternalLink.cs") state(2)
Script is not up to date after domain reload: guid(a1f5156c89fd104459e8ec0cc3098899) path("Packages/com.unity.collab-proxy/Editor/Views/Branch/BranchesViewMenu.cs") state(2)
Script is not up to date after domain reload: guid(608efd4e185fb9440bb8550d98e20ca4) path("Packages/com.unity.collab-proxy/Editor/Hub/Operations/DownloadRepository.cs") state(2)
Script is not up to date after domain reload: guid(d097a5d507694ba7ac97bc9a9f2942e3) path("Packages/com.unity.collab-proxy/Editor/Settings/PlasticProjectSettingsProvider.cs") state(2)
Script is not up to date after domain reload: guid(a6d05b29e607e62478df26227566e1b9) path("Packages/com.unity.collab-proxy/Editor/Tool/LaunchTool.cs") state(2)
Script is not up to date after domain reload: guid(594dcd9e9e4804aa281a66d024d30752) path("Packages/com.unity.collab-proxy/Editor/Views/PendingChanges/PendingChangesTreeView.cs") state(2)
Script is not up to date after domain reload: guid(bba806fdb20eb5a4da6cc856323d6273) path("Packages/com.unity.collab-proxy/Editor/Configuration/CloudEdition/Welcome/SignInPanel.cs") state(2)
Script is not up to date after domain reload: guid(45d03e5c984da3448b417289e95e4291) path("Packages/com.unity.collab-proxy/Editor/Views/PendingChanges/Dialogs/FilterRulesConfirmationDialog.cs") state(2)
Script is not up to date after domain reload: guid(0f222cc01be81b842b1333c92fb7355c) path("Packages/com.unity.collab-proxy/Editor/UI/DrawUserIcon.cs") state(2)
Script is not up to date after domain reload: guid(c46424c57c6462945b14ac0c95281406) path("Packages/com.unity.collab-proxy/Editor/Configuration/CredentialsDialog.cs") state(2)
Script is not up to date after domain reload: guid(9bef80072d106be4ea36de88adc0e985) path("Packages/com.unity.collab-proxy/Editor/Inspector/InspectorAssetSelection.cs") state(2)
Script is not up to date after domain reload: guid(c18598e9d808edb4583a6aa724ffc268) path("Packages/com.unity.collab-proxy/Editor/Views/CreateWorkspace/Dialogs/RepositoriesListView.cs") state(2)
Script is not up to date after domain reload: guid(de6e8913aefd69d4ca90a7216d225d3a) path("Packages/com.unity.collab-proxy/Editor/Tool/ToolConstants.cs") state(2)
Script is not up to date after domain reload: guid(e57affb3c41ab402e86f99747be972a2) path("Packages/com.unity.collab-proxy/Editor/Views/PendingChanges/PendingChangesTreeHeaderState.cs") state(2)
Script is not up to date after domain reload: guid(61f74d0a8a3f1f542b8afe99e65686df) path("Packages/com.unity.collab-proxy/Editor/Views/CreateWorkspace/Dialogs/CreateRepositoryDialog.cs") state(2)
Script is not up to date after domain reload: guid(d765c78b18a58b14a986b34841ae9c52) path("Packages/com.unity.collab-proxy/Editor/UI/Images.cs") state(2)
Script is not up to date after domain reload: guid(7a04ed4805f84fd4a8ceee51915ba39a) path("Packages/com.unity.collab-proxy/Editor/Views/Merge/IIncomingChangesTab.cs") state(2)
Script is not up to date after domain reload: guid(f25df29da91c45449ada5f3da8cf20ea) path("Packages/com.unity.collab-proxy/Editor/Tool/IsExeAvailable.cs") state(2)
Script is not up to date after domain reload: guid(2f536f0e9a974d75b293f6aee8e2cdf2) path("Packages/com.unity.collab-proxy/Editor/Views/Locks/LocksTab.cs") state(2)
Script is not up to date after domain reload: guid(d877163a4d5b71945ae435ce29592751) path("Packages/com.unity.collab-proxy/Editor/_Deprecated/CollabMigration/MigrateCollabProject.cs") state(2)
Script is not up to date after domain reload: guid(331d1c37d891f334390adb8324042856) path("Packages/com.unity.collab-proxy/Editor/Gluon/Errors/ErrorsListView.cs") state(2)
Script is not up to date after domain reload: guid(2c9c0041347ae4e4cb794a3da850fa79) path("Packages/com.unity.collab-proxy/Editor/Views/Diff/DiffTreeViewMenu.cs") state(2)
Script is not up to date after domain reload: guid(21c48a9c4396ce94eb4a38975f725e8c) path("Packages/com.unity.collab-proxy/Editor/PlasticShutdown.cs") state(2)
Script is not up to date after domain reload: guid(aebdb56b44622b2468b014e27e5e28e5) path("Packages/com.unity.collab-proxy/Editor/PlasticPlugin.cs") state(2)
Script is not up to date after domain reload: guid(06e8f2c592322e640ae99a833427b552) path("Packages/com.unity.collab-proxy/Editor/Views/Changesets/ChangesetsTab_Operations.cs") state(2)
Script is not up to date after domain reload: guid(0ad54f9e1bb701142b116d0d1ed98437) path("Packages/com.unity.collab-proxy/Editor/Configuration/CloudEdition/Welcome/CloudEditionWelcomeWindow.cs") state(2)
Script is not up to date after domain reload: guid(83882c7718d0fc34f8a05141328ceac1) path("Packages/com.unity.collab-proxy/Editor/Views/CreateWorkspace/Dialogs/RepositoryListViewItem.cs") state(2)
Script is not up to date after domain reload: guid(c0821447a35700c4280782d1092cf4c5) path("Packages/com.unity.collab-proxy/Editor/Views/Merge/Gluon/IncomingChangesTreeHeaderState.cs") state(2)
Script is not up to date after domain reload: guid(23471c5c18843794fba363cb093b5a05) path("Packages/com.unity.collab-proxy/Editor/Views/PendingChanges/DrawCommentTextArea.cs") state(2)
Script is not up to date after domain reload: guid(806bdb4f911275c4ca1ee81fde4b4d4f) path("Packages/com.unity.collab-proxy/Editor/Configuration/CloudEdition/Welcome/AutoLogin.cs") state(2)
Script is not up to date after domain reload: guid(608f66b5adac272459273ddaf3e4db5d) path("Packages/com.unity.collab-proxy/Editor/PlasticApp.cs") state(2)
Script is not up to date after domain reload: guid(0092dcc3ac595ea43981eedc23012f72) path("Packages/com.unity.collab-proxy/Editor/Views/PendingChanges/PendingChangesViewPendingChangeMenu.cs") state(2)
Script is not up to date after domain reload: guid(e9ffdef169b1cbb4e9910671a9ee83bc) path("Packages/com.unity.collab-proxy/Editor/AssetsUtils/Processor/AssetPostprocessor.cs") state(2)
Script is not up to date after domain reload: guid(156e16594aa6bd54cb77aa3f8eae5c82) path("Packages/com.unity.collab-proxy/Editor/Views/Diff/ChangeCategoryTreeViewItem.cs") state(2)
Script is not up to date after domain reload: guid(3f227b28cf424364489edd67fce697bc) path("Packages/com.unity.collab-proxy/Editor/AssetOverlays/Cache/AssetStatusCache.cs") state(2)
Script is not up to date after domain reload: guid(226459a134855504d841db6b61519d2b) path("Packages/com.unity.collab-proxy/Editor/AssetOverlays/Cache/LocalStatusCache.cs") state(2)
Script is not up to date after domain reload: guid(5b6e8a80709e2264eb383ef6b40e181f) path("Packages/com.unity.collab-proxy/Editor/Views/History/HistoryListHeaderState.cs") state(2)
Script is not up to date after domain reload: guid(cd17bd02643083b43bac72747b7641ff) path("Packages/com.unity.collab-proxy/Editor/NewIncomingChanges.cs") state(2)
Script is not up to date after domain reload: guid(b6aa72bc8240f514988bcccf4cf3cef5) path("Packages/com.unity.collab-proxy/Editor/_Deprecated/WebApi/IsCollabProjectMigratedResponse.cs") state(2)
Script is not up to date after domain reload: guid(3a6fba741cdd5fb4982a73a4d791754f) path("Packages/com.unity.collab-proxy/Editor/UI/DockEditorWindow.cs") state(2)
Script is not up to date after domain reload: guid(cf7c1a153f50c6548bfff5dfd2ef5dff) path("Packages/com.unity.collab-proxy/Editor/SwitchModeConfirmationDialog.cs") state(2)
Script is not up to date after domain reload: guid(595175d7af8f8234a9336a60e33b4f32) path("Packages/com.unity.collab-proxy/Editor/UI/Tree/DrawTreeViewItem.cs") state(2)
Script is not up to date after domain reload: guid(640fd06dff6f43498693eeda77683e6e) path("Packages/com.unity.collab-proxy/Editor/UI/DrawActionButtonWithMenu.cs") state(2)
Script is not up to date after domain reload: guid(0f34fdc6653d640839eaa1d2bc1bd538) path("Packages/com.unity.collab-proxy/Editor/Views/Locks/LocksViewMenu.cs") state(2)
Script is not up to date after domain reload: guid(7c8a8e3e4456f9149905cf2c80aa41a9) path("Packages/com.unity.collab-proxy/Editor/AssetMenu/AssetMenuItems.cs") state(2)
Script is not up to date after domain reload: guid(363c1190d7979084c84a0421cedb3a51) path("Packages/com.unity.collab-proxy/Editor/WebApi/CurrentUserAdminCheckResponse.cs") state(2)
Script is not up to date after domain reload: guid(3ccc9b689652f0b40b53c731af81f034) path("Packages/com.unity.collab-proxy/Editor/Views/PendingChanges/Dialogs/LaunchDependenciesDialog.cs") state(2)
Script is not up to date after domain reload: guid(c584c584ba20f4daea226141b9e55bd0) path("Packages/com.unity.collab-proxy/Editor/Views/PendingChanges/Dialogs/DependenciesDialog.cs") state(2)
Script is not up to date after domain reload: guid(69ebbdad2c303214683305d65fe26726) path("Packages/com.unity.collab-proxy/Editor/Views/Merge/Developer/ChangeTreeViewItem.cs") state(2)
Script is not up to date after domain reload: guid(b8a49294ba135a2408fd1b26bcda6f97) path("Packages/com.unity.collab-proxy/Editor/AssetMenu/ProjectViewAssetSelection.cs") state(2)
Script is not up to date after domain reload: guid(5013a6f8fee1f2a49b06f75fc5a6ece4) path("Packages/com.unity.collab-proxy/Editor/Views/Merge/Developer/IsCurrent.cs") state(2)
Script is not up to date after domain reload: guid(7495e44f1cb132745a310485807e68f6) path("Packages/com.unity.collab-proxy/Editor/AssetsUtils/RefreshAsset.cs") state(2)
Script is not up to date after domain reload: guid(118b64466f3c7c24e98e147660e2eb98) path("Packages/com.unity.collab-proxy/Editor/_Deprecated/WebApi/ChangesetFromCollabCommitResponse.cs") state(2)
Script is not up to date after domain reload: guid(ee61022c90cce0b49bb0e459b11ec2ee) path("Packages/com.unity.collab-proxy/Editor/UI/UnityPlasticGuiMessage.cs") state(2)
Script is not up to date after domain reload: guid(701a688f3cb0245579bf46b63d0b7134) path("Packages/com.unity.collab-proxy/Editor/UI/RunModal.cs") state(2)
Script is not up to date after domain reload: guid(8b1d1407c22e5844698f18df6a9f1781) path("Packages/com.unity.collab-proxy/Editor/_Deprecated/CollabPlugin.cs") state(2)
Script is not up to date after domain reload: guid(bd26c4fb413ea6d4687ebc488ff8a8c4) path("Packages/com.unity.collab-proxy/Editor/UI/Tree/DrawTreeViewEmptyState.cs") state(2)
Script is not up to date after domain reload: guid(d5366deaa0659eb44aa77a86d8bdc01a) path("Packages/com.unity.collab-proxy/Editor/UI/Tree/GetChangesOverlayIcon.cs") state(2)
Script is not up to date after domain reload: guid(c408e05e88bc93c458a3195b15e9d625) path("Packages/com.unity.collab-proxy/Editor/Views/Merge/Developer/ChangeCategoryTreeViewItem.cs") state(2)
Script is not up to date after domain reload: guid(077387e98bf29fb4a97bccfb592cfaf7) path("Packages/com.unity.collab-proxy/Editor/Configuration/CloudEdition/Welcome/WaitingSignInPanel.cs") state(2)
Script is not up to date after domain reload: guid(9019d1f6d4a14cb49a269dbffb6ea011) path("Packages/com.unity.collab-proxy/Editor/PlasticConnectionMonitor.cs") state(2)
Script is not up to date after domain reload: guid(397f62458d0ad3441aaaa1a738bd4f94) path("Packages/com.unity.collab-proxy/Editor/Views/Changesets/ChangesetsViewMenu.cs") state(2)
Script is not up to date after domain reload: guid(d6db53f93de967c489902da57a7290a1) path("Packages/com.unity.collab-proxy/Editor/Views/Merge/Developer/IsResolved.cs") state(2)
Script is not up to date after domain reload: guid(fdec637f96aaa6546ad88a90cae5dcf1) path("Packages/com.unity.collab-proxy/Editor/AssetsUtils/Processor/WorkspaceOperationsMonitor.cs") state(2)
Script is not up to date after domain reload: guid(0a3ad267026374439be70d4b4cd3d4f7) path("Packages/com.unity.collab-proxy/Editor/UI/UnityStyles.cs") state(2)
Script is not up to date after domain reload: guid(471badd5c87fb154885f11cdf1b49a00) path("Packages/com.unity.collab-proxy/Editor/Views/Changesets/ChangesetsTab.cs") state(2)
Script is not up to date after domain reload: guid(a9298a2c04dfc944bbc6ea156f4e2104) path("Packages/com.unity.collab-proxy/Editor/Views/Welcome/WelcomeView.cs") state(2)
Script is not up to date after domain reload: guid(8c069d7fb0d30cf499458f0d9c9fe035) path("Packages/com.unity.collab-proxy/Editor/Gluon/Errors/ErrorsListHeaderState.cs") state(2)
Script is not up to date after domain reload: guid(f1969c6a4a44a474983058896f48d9f5) path("Packages/com.unity.collab-proxy/Editor/Configuration/SSOCredentialsDialog.cs") state(2)
Script is not up to date after domain reload: guid(f88a4e9dbb5a07744954a86cbb61d54f) path("Packages/com.unity.collab-proxy/Editor/Views/Merge/Developer/DirectoryConflicts/ConflictResolutionState.cs") state(2)
Script is not up to date after domain reload: guid(4932f8b3d8c26804bb16dc5cb5b766ce) path("Packages/com.unity.collab-proxy/Editor/WebApi/TokenExchangeResponse.cs") state(2)
Script is not up to date after domain reload: guid(0188683ab76112f4897348feb19a3b77) path("Packages/com.unity.collab-proxy/Editor/Gluon/UpdateReport/ErrorListViewItem.cs") state(2)
Script is not up to date after domain reload: guid(6fb9548ec1290b943b7beca241c81e7d) path("Packages/com.unity.collab-proxy/Editor/Views/Merge/Gluon/UnityIncomingChangesTree.cs") state(2)
Script is not up to date after domain reload: guid(63860c9f5f91cbb4ea813deafa1327a0) path("Packages/com.unity.collab-proxy/Editor/WebApi/SubscriptionDetailsResponse.cs") state(2)
Script is not up to date after domain reload: guid(ea0c99d9630e5ca40ba541545beec9b8) path("Packages/com.unity.collab-proxy/Editor/PlasticNotification.cs") state(2)
Script is not up to date after domain reload: guid(85f4628ae66f0eb439e59db66adbc696) path("Packages/com.unity.collab-proxy/Editor/Configuration/CloudEdition/Welcome/SignInWithEmailPanel.cs") state(2)
Script is not up to date after domain reload: guid(1b909cb14b9a08c45b5d03f0b61feecb) path("Packages/com.unity.collab-proxy/Editor/Views/Branch/BranchesListView.cs") state(2)
Script is not up to date after domain reload: guid(692efc1eed5c84f29bf2d65887fd852c) path("Assets/_Scripts/FollowCam.cs") state(2)
Script is not up to date after domain reload: guid(788db2c7ca3c2804d912f447ffc19856) path("Packages/com.unity.collab-proxy/Editor/Views/CreateWorkspace/DrawCreateWorkspaceView.cs") state(2)
Script is not up to date after domain reload: guid(14c7ad7d838cc1d4691f5d9ca504f0ac) path("Packages/com.unity.collab-proxy/Editor/DrawGuiModeSwitcher.cs") state(2)
Script is not up to date after domain reload: guid(f6aa8eca9e9e84840b73620eb177ea9e) path("Packages/com.unity.collab-proxy/Editor/CheckWorkspaceTreeNodeStatus.cs") state(2)
Script is not up to date after domain reload: guid(7ff9581aa143f4d41b4e351881b8f459) path("Packages/com.unity.collab-proxy/Editor/Views/Changesets/ChangesetsListHeaderState.cs") state(2)
Script is not up to date after domain reload: guid(896223e567b01c747b4726ef429e31ea) path("Packages/com.unity.collab-proxy/Editor/ViewSwitcher.cs") state(2)
Script is not up to date after domain reload: guid(c08cfcfc4c2c46c46940ed103538acae) path("Packages/com.unity.collab-proxy/Editor/UI/DrawActionButton.cs") state(2)
Script is not up to date after domain reload: guid(2bdca37e8ede38949a186765fa1eefc6) path("Packages/com.unity.collab-proxy/Editor/UI/ShowWindow.cs") state(2)
Script is not up to date after domain reload: guid(75e502da07ff345528edbecd094b5cb5) path("Packages/com.unity.collab-proxy/Editor/UI/CooldownWindowDelayer.cs") state(2)
Script is not up to date after domain reload: guid(5294f667272fcb2438a79369c92cc7e7) path("Packages/com.unity.collab-proxy/Editor/Views/CreateWorkspace/CreateWorkspaceView.cs") state(2)
Script is not up to date after domain reload: guid(c3cec769cd6ff2849aa09c811b62e611) path("Packages/com.unity.collab-proxy/Editor/Views/History/HistoryListViewMenu.cs") state(2)
Script is not up to date after domain reload: guid(802adf99bdbb1a3439a0a09ae5664192) path("Packages/com.unity.collab-proxy/Editor/AssetsUtils/SaveAssets.cs") state(2)
Script is not up to date after domain reload: guid(2e38b4690fec967478ecffad444155e6) path("Packages/com.unity.collab-proxy/Editor/_Deprecated/WebApi/OrganizationCredentials.cs") state(2)
Script is not up to date after domain reload: guid(83b1892330f664c16ac7cfaf0c0607f2) path("Assets/_Scripts/Projectile.cs") state(2)
Script is not up to date after domain reload: guid(b29af44841cd6644e876233cd057bc18) path("Packages/com.unity.collab-proxy/Editor/Views/CreateWorkspace/Dialogs/RepositoryExplorerDialog.cs") state(2)
Script is not up to date after domain reload: guid(d9369fa547ca81b4fafa42a3e74c1b7a) path("Packages/com.unity.collab-proxy/Editor/AssetsUtils/GetSelectedPaths.cs") state(2)
Script is not up to date after domain reload: guid(68d5bb402c52edc48b494a59b8971758) path("Packages/com.unity.collab-proxy/Editor/Configuration/EncryptionConfigurationDialog.cs") state(2)
Script is not up to date after domain reload: guid(ade7225274b3d4c32a9eb7e64f83c5a1) path("Packages/com.unity.collab-proxy/Editor/Views/PendingChanges/ChangeCategoryTreeViewItem.cs") state(2)
Script is not up to date after domain reload: guid(1dc96db8ece508c4696f7e89c2cd11e3) path("Packages/com.unity.collab-proxy/Editor/UnityConfigurationChecker.cs") state(2)
Script is not up to date after domain reload: guid(41633509da720014cbd77f755b378ce7) path("Packages/com.unity.collab-proxy/Editor/Views/CreateWorkspace/CreateWorkspaceViewState.cs") state(2)
Script is not up to date after domain reload: guid(615ff93ab52eb8242a9194d4f711676f) path("Packages/com.unity.collab-proxy/Editor/Configuration/CloudEdition/Welcome/OrganizationPanel.cs") state(2)
Script is not up to date after domain reload: guid(7985a2b6ab3fac849929b1e2d51fe9cf) path("Packages/com.unity.collab-proxy/Editor/Hub/Operations/OperationParams.cs") state(2)
Script is not up to date after domain reload: guid(30e9a0b4c58f24512803e160e0216686) path("Packages/com.unity.collab-proxy/Editor/WorkspaceWindow.cs") state(2)
Launching external process: /Applications/Unity/Hub/Editor/2022.3.46f1/Unity.app/Contents/Tools/UnityShaderCompiler
Launched and connected shader compiler UnityShaderCompiler after 0.30 seconds
Refreshing native plugins compatible for Editor in 1.70 ms, found 2 plugins.
Preloading 0 native plugins for Editor in 0.00 ms.
Unloading 3034 Unused Serialized files (Serialized files now loaded: 0)
Unloading 19 unused Assets / (48.8 KB). Loaded Objects now: 3502.
Memory consumption went from 126.4 MB to 126.3 MB.
Total: 7.779500 ms (FindLiveObjects: 0.404417 ms CreateObjectMapping: 0.194708 ms MarkObjects: 5.692000 ms  DeleteObjects: 1.487958 ms)

AssetImportParameters requested are different than current active one (requested -> active):
  custom:container-demuxer-ogg: 62fdf1f143b41e24485cea50d1cbac27 -> 
  custom:video-decoder-ogg-theora: a1e56fd34408186e4bbccfd4996cb3dc -> 
  custom:CustomObjectIndexerAttribute: 9a22284fe3817be447336de3de66b15e -> 
  custom:container-demuxer-webm: 4f35f7cbe854078d1ac9338744f61a02 -> 
  custom:container-muxer-webm: aa71ff27fc2769a1b78a27578f13a17b -> 
  custom:video-decoder-webm-vp8: 9c59270c3fd7afecdb556c50c9e8de78 -> 
  custom:SearchIndexIgnoredProperties: e643bd26f0fe6173181afceb89e7c659 -> 
  custom:AudioImporter_EditorPlatform: 3918e3fc78b5a79bad01e8451be0beb8 -> 
  custom:framework-osx-AVFoundation: e770b220cccbd017edd2c1fefb359320 -> 
  custom:video-encoder-webm-vp8: eb34c28f22e8b96e1ab97ce403110664 -> 
  custom:audio-decoder-ogg-vorbis: bf7c407c2cedff20999df2af8eb42d56 -> 
  custom:audio-encoder-webm-vorbis: bf7c407c2cedff20999df2af8eb42d56 -> 
========================================================================
Received Import Request.
  Time since last request: 480613.818306 seconds.
  path: Assets/_Prefabs/Castle 1.prefab
  artifactKey: Guid(680d0c2029e3b46f69802df96791f308) Importer(815301076,1909f56bfc062723c751e8b465ee728b)
Start importing Assets/_Prefabs/Castle 1.prefab using Guid(680d0c2029e3b46f69802df96791f308) Importer(815301076,1909f56bfc062723c751e8b465ee728b) [PhysX] Initialized MultithreadedTaskDispatcher with 8 workers.
[PhysX] Initialized MultithreadedTaskDispatcher with 8 workers.
 -> (artifact id: '4ba733d66222c3eb56e8feba84befd1a') in 0.632704 seconds
Number of updated asset objects reloaded before import = 0
Number of asset objects unloaded after import = 156
========================================================================
Received Import Request.
  Time since last request: 0.000098 seconds.
  path: Assets/_Prefabs/Castle 4.prefab
  artifactKey: Guid(c5109d77a479e4ea08bf148a1fcd3618) Importer(815301076,1909f56bfc062723c751e8b465ee728b)
Start importing Assets/_Prefabs/Castle 4.prefab using Guid(c5109d77a479e4ea08bf148a1fcd3618) Importer(815301076,1909f56bfc062723c751e8b465ee728b) [PhysX] Initialized MultithreadedTaskDispatcher with 8 workers.
[PhysX] Initialized MultithreadedTaskDispatcher with 8 workers.
 -> (artifact id: '411a158912994585bbf883fb6af0baad') in 0.013508 seconds
Number of updated asset objects reloaded before import = 0
Number of asset objects unloaded after import = 156
========================================================================
Received Import Request.
  Time since last request: 0.000324 seconds.
  path: Assets/_Prefabs/Goal.prefab
  artifactKey: Guid(8bb47c021aa84455f894151f02c31ee1) Importer(815301076,1909f56bfc062723c751e8b465ee728b)
Start importing Assets/_Prefabs/Goal.prefab using Guid(8bb47c021aa84455f894151f02c31ee1) Importer(815301076,1909f56bfc062723c751e8b465ee728b) [PhysX] Initialized MultithreadedTaskDispatcher with 8 workers.
[PhysX] Initialized MultithreadedTaskDispatcher with 8 workers.
 -> (artifact id: '15e76d572414c2eb1603ca3039a54f1c') in 0.022540 seconds
Number of updated asset objects reloaded before import = 0
Number of asset objects unloaded after import = 8
========================================================================
Received Prepare
Script is not up to date after domain reload: guid(9b917d42ad338ab4494088f574472998) path("Packages/com.unity.collab-proxy/Editor/Views/Merge/Gluon/IncomingChangesTab.cs") state(2)
Script is not up to date after domain reload: guid(f1b80531a496e644abedd795c21274cb) path("Packages/com.unity.collab-proxy/Editor/Developer/ProgressOperationHandler.cs") state(2)
Script is not up to date after domain reload: guid(a0fc5252a48d8b34f945b4ae3ad45030) path("Packages/com.unity.collab-proxy/Editor/Views/Branch/Dialogs/CreateBranchDialog.cs") state(2)
Script is not up to date after domain reload: guid(ac908610ab768459d9be962750408b43) path("Packages/com.unity.collab-proxy/Editor/UI/PlasticDialog.cs") state(2)
Script is not up to date after domain reload: guid(28ce2dedf734c7c4e8ad114c00173d65) path("Packages/com.unity.collab-proxy/Editor/Inspector/DrawInspectorOperations.cs") state(2)
Script is not up to date after domain reload: guid(71c34e5fa319ca644b6806e573c33d88) path("Packages/com.unity.collab-proxy/Editor/Gluon/Errors/ErrorListViewItem.cs") state(2)
Script is not up to date after domain reload: guid(9b17ac8ceb35dc74fbf646862e01a782) path("Packages/com.unity.collab-proxy/Editor/Gluon/IncomingChangesNotification.cs") state(2)
Script is not up to date after domain reload: guid(7f2f2eb277e02054cbc5ccee904b593b) path("Packages/com.unity.collab-proxy/Editor/Views/Merge/Gluon/IncomingChangesTreeView.cs") state(2)
Script is not up to date after domain reload: guid(05b4d56bb0dca1b458c2e10c2548663b) path("Packages/com.unity.collab-proxy/Editor/Views/PendingChanges/PendingChangesTab_Operations.cs") state(2)
Script is not up to date after domain reload: guid(59e682a8b37338a46910fa9a939425e3) path("Packages/com.unity.collab-proxy/Editor/Views/Changesets/ChangesetsListView.cs") state(2)
Script is not up to date after domain reload: guid(c456fa791a741a045a8a99ee73af2ae6) path("Packages/com.unity.collab-proxy/Editor/AssetMenu/AssetMenuOperations.cs") state(2)
Script is not up to date after domain reload: guid(6629f1bb292b749a18b5fff7994c8b19) path("Packages/com.unity.collab-proxy/Editor/PlasticWindow.cs") state(2)
Script is not up to date after domain reload: guid(a9881fce7e445b84bbbd53752db30fe9) path("Packages/com.unity.collab-proxy/Editor/Views/Merge/Developer/DirectoryConflicts/DrawDirectoryResolutionPanel.cs") state(2)
Script is not up to date after domain reload: guid(7aad121cec1867b4493b3b31bc5c8a26) path("Packages/com.unity.collab-proxy/Editor/VCSPlugin.cs") state(2)
Script is not up to date after domain reload: guid(7c21251ff4b7d844292a388e81e47e59) path("Packages/com.unity.collab-proxy/Editor/Configuration/AutoConfig.cs") state(2)
Script is not up to date after domain reload: guid(cc9b578c680471e41965738c85cbabbf) path("Packages/com.unity.collab-proxy/Editor/Developer/IncomingChangesNotification.cs") state(2)
Script is not up to date after domain reload: guid(100f9184f13dd20448c29dc74f30dce1) path("Packages/com.unity.collab-proxy/Editor/Toolbar/ToolbarButton.cs") state(2)
Script is not up to date after domain reload: guid(2b3223ee740687445a7e4bc793fa2aae) path("Packages/com.unity.collab-proxy/Editor/Configuration/ConfigurePartialWorkspace.cs") state(2)
Script is not up to date after domain reload: guid(a9e847d045a7744b08c7a37912965cdc) path("Packages/com.unity.collab-proxy/Editor/Views/PendingChanges/ChangeTreeViewItem.cs") state(2)
Script is not up to date after domain reload: guid(de7c5b4b6cb58e546b24137064ac9025) path("Packages/com.unity.collab-proxy/Editor/Hub/Operations/CreateWorkspace.cs") state(2)
Script is not up to date after domain reload: guid(d1c46ccb760d06146a24b7e265e19566) path("Packages/com.unity.collab-proxy/Editor/WebApi/CredentialsResponse.cs") state(2)
Script is not up to date after domain reload: guid(a077a49d9db9de74f827f0568f6e65c2) path("Packages/com.unity.collab-proxy/Editor/AssetsUtils/AssetsPath.cs") state(2)
Script is not up to date after domain reload: guid(a840d4787ba856c4dbaf61207189b00c) path("Packages/com.unity.collab-proxy/Editor/AutoRefresh.cs") state(2)
Script is not up to date after domain reload: guid(2dae17e8419667e46a2a476dd2cd18e0) path("Packages/com.unity.collab-proxy/Editor/UI/StatusBar/StatusBar.cs") state(2)
Script is not up to date after domain reload: guid(29e0becc4ce852c439ff3e642f0375bd) path("Packages/com.unity.collab-proxy/Editor/Views/CreateWorkspace/PerformInitialCheckin.cs") state(2)
Script is not up to date after domain reload: guid(3a49359b59c12b74386ca6816923ec2c) path("Packages/com.unity.collab-proxy/Editor/Views/History/HistoryTab.cs") state(2)
Script is not up to date after domain reload: guid(c60feb8f0f5f57c4393eae9a43529616) path("Packages/com.unity.collab-proxy/Editor/UI/UnityConstants.cs") state(2)
Script is not up to date after domain reload: guid(e57a1c5d3e1c8844eb3893fed51c9727) path("Packages/com.unity.collab-proxy/Editor/WebApi/WebRestApiClient.cs") state(2)
Script is not up to date after domain reload: guid(678db227e4ffec949980d309c0532b08) path("Packages/com.unity.collab-proxy/Editor/AssetMenu/Dialogs/CheckinDialog.cs") state(2)
Script is not up to date after domain reload: guid(d287890d8b11cb7498506935c825b43d) path("Packages/com.unity.collab-proxy/Editor/Views/Merge/Gluon/IncomingChangesSelection.cs") state(2)
Script is not up to date after domain reload: guid(4ad84899006a47b9b710662c93ec6448) path("Packages/com.unity.collab-proxy/Editor/Views/Locks/LocksListView.cs") state(2)
Script is not up to date after domain reload: guid(e210f95899b654f50b335e8f56ff0efa) path("Assets/_Scripts/Slingshot.cs") state(2)
Script is not up to date after domain reload: guid(2350e7d7f6d79024da24dea8f15a6881) path("Packages/com.unity.collab-proxy/Editor/Views/Branch/BranchesTab.cs") state(2)
Script is not up to date after domain reload: guid(349d4bc84d3b4fa48a1970539c06144c) path("Packages/com.unity.collab-proxy/Editor/Views/Merge/Gluon/IncomingChangesViewMenu.cs") state(2)
Script is not up to date after domain reload: guid(f4a41e458bcb22946bcfa6b165c90288) path("Packages/com.unity.collab-proxy/Editor/Views/Branch/BranchesListHeaderState.cs") state(2)
Script is not up to date after domain reload: guid(5474cb78511de04459cac50d50b9d9e0) path("Packages/com.unity.collab-proxy/Editor/UI/DrawSearchField.cs") state(2)
Script is not up to date after domain reload: guid(0ee79162e06c6984a97600b7c0680611) path("Packages/com.unity.collab-proxy/Editor/Views/Diff/DiffPanel.cs") state(2)
Script is not up to date after domain reload: guid(09b199e86de5d1944ab9106ca2c11f75) path("Packages/com.unity.collab-proxy/Editor/Gluon/ProgressOperationHandler.cs") state(2)
Script is not up to date after domain reload: guid(1b2dfd8c552c2468ca523d8dbb93ea5d) path("Packages/com.unity.collab-proxy/Editor/Views/PendingChanges/PendingChangesTab.cs") state(2)
Script is not up to date after domain reload: guid(faf2afd8696f4604f82f46b06b357f06) path("Packages/com.unity.collab-proxy/Editor/Views/Merge/Gluon/ChangeCategoryTreeViewItem.cs") state(2)
Script is not up to date after domain reload: guid(65c9d93f86da86b41a712d92e8f03dc2) path("Packages/com.unity.collab-proxy/Editor/UI/GetPlasticShortcut.cs") state(2)
Script is not up to date after domain reload: guid(d491adc3134c2ac4d9e3c61ed42a7ccd) path("Packages/com.unity.collab-proxy/Editor/Views/Merge/Gluon/ChangeTreeViewItem.cs") state(2)
Script is not up to date after domain reload: guid(ca17c170df6db5042b70adc65fbe770c) path("Packages/com.unity.collab-proxy/Editor/PlasticMenuItem.cs") state(2)
Script is not up to date after domain reload: guid(8e956137d866cfc4797b1830930ed57e) path("Packages/com.unity.collab-proxy/Editor/ExternalLink.cs") state(2)
Script is not up to date after domain reload: guid(a1f5156c89fd104459e8ec0cc3098899) path("Packages/com.unity.collab-proxy/Editor/Views/Branch/BranchesViewMenu.cs") state(2)
Script is not up to date after domain reload: guid(608efd4e185fb9440bb8550d98e20ca4) path("Packages/com.unity.collab-proxy/Editor/Hub/Operations/DownloadRepository.cs") state(2)
Script is not up to date after domain reload: guid(d097a5d507694ba7ac97bc9a9f2942e3) path("Packages/com.unity.collab-proxy/Editor/Settings/PlasticProjectSettingsProvider.cs") state(2)
Script is not up to date after domain reload: guid(a6d05b29e607e62478df26227566e1b9) path("Packages/com.unity.collab-proxy/Editor/Tool/LaunchTool.cs") state(2)
Script is not up to date after domain reload: guid(594dcd9e9e4804aa281a66d024d30752) path("Packages/com.unity.collab-proxy/Editor/Views/PendingChanges/PendingChangesTreeView.cs") state(2)
Script is not up to date after domain reload: guid(bba806fdb20eb5a4da6cc856323d6273) path("Packages/com.unity.collab-proxy/Editor/Configuration/CloudEdition/Welcome/SignInPanel.cs") state(2)
Script is not up to date after domain reload: guid(45d03e5c984da3448b417289e95e4291) path("Packages/com.unity.collab-proxy/Editor/Views/PendingChanges/Dialogs/FilterRulesConfirmationDialog.cs") state(2)
Script is not up to date after domain reload: guid(0f222cc01be81b842b1333c92fb7355c) path("Packages/com.unity.collab-proxy/Editor/UI/DrawUserIcon.cs") state(2)
Script is not up to date after domain reload: guid(c46424c57c6462945b14ac0c95281406) path("Packages/com.unity.collab-proxy/Editor/Configuration/CredentialsDialog.cs") state(2)
Script is not up to date after domain reload: guid(9bef80072d106be4ea36de88adc0e985) path("Packages/com.unity.collab-proxy/Editor/Inspector/InspectorAssetSelection.cs") state(2)
Script is not up to date after domain reload: guid(c18598e9d808edb4583a6aa724ffc268) path("Packages/com.unity.collab-proxy/Editor/Views/CreateWorkspace/Dialogs/RepositoriesListView.cs") state(2)
Script is not up to date after domain reload: guid(de6e8913aefd69d4ca90a7216d225d3a) path("Packages/com.unity.collab-proxy/Editor/Tool/ToolConstants.cs") state(2)
Script is not up to date after domain reload: guid(e57affb3c41ab402e86f99747be972a2) path("Packages/com.unity.collab-proxy/Editor/Views/PendingChanges/PendingChangesTreeHeaderState.cs") state(2)
Script is not up to date after domain reload: guid(61f74d0a8a3f1f542b8afe99e65686df) path("Packages/com.unity.collab-proxy/Editor/Views/CreateWorkspace/Dialogs/CreateRepositoryDialog.cs") state(2)
Script is not up to date after domain reload: guid(d765c78b18a58b14a986b34841ae9c52) path("Packages/com.unity.collab-proxy/Editor/UI/Images.cs") state(2)
Script is not up to date after domain reload: guid(7a04ed4805f84fd4a8ceee51915ba39a) path("Packages/com.unity.collab-proxy/Editor/Views/Merge/IIncomingChangesTab.cs") state(2)
Script is not up to date after domain reload: guid(f25df29da91c45449ada5f3da8cf20ea) path("Packages/com.unity.collab-proxy/Editor/Tool/IsExeAvailable.cs") state(2)
Script is not up to date after domain reload: guid(2f536f0e9a974d75b293f6aee8e2cdf2) path("Packages/com.unity.collab-proxy/Editor/Views/Locks/LocksTab.cs") state(2)
Script is not up to date after domain reload: guid(d877163a4d5b71945ae435ce29592751) path("Packages/com.unity.collab-proxy/Editor/_Deprecated/CollabMigration/MigrateCollabProject.cs") state(2)
Script is not up to date after domain reload: guid(331d1c37d891f334390adb8324042856) path("Packages/com.unity.collab-proxy/Editor/Gluon/Errors/ErrorsListView.cs") state(2)
Script is not up to date after domain reload: guid(2c9c0041347ae4e4cb794a3da850fa79) path("Packages/com.unity.collab-proxy/Editor/Views/Diff/DiffTreeViewMenu.cs") state(2)
Script is not up to date after domain reload: guid(21c48a9c4396ce94eb4a38975f725e8c) path("Packages/com.unity.collab-proxy/Editor/PlasticShutdown.cs") state(2)
Script is not up to date after domain reload: guid(aebdb56b44622b2468b014e27e5e28e5) path("Packages/com.unity.collab-proxy/Editor/PlasticPlugin.cs") state(2)
Script is not up to date after domain reload: guid(06e8f2c592322e640ae99a833427b552) path("Packages/com.unity.collab-proxy/Editor/Views/Changesets/ChangesetsTab_Operations.cs") state(2)
Script is not up to date after domain reload: guid(0ad54f9e1bb701142b116d0d1ed98437) path("Packages/com.unity.collab-proxy/Editor/Configuration/CloudEdition/Welcome/CloudEditionWelcomeWindow.cs") state(2)
Script is not up to date after domain reload: guid(83882c7718d0fc34f8a05141328ceac1) path("Packages/com.unity.collab-proxy/Editor/Views/CreateWorkspace/Dialogs/RepositoryListViewItem.cs") state(2)
Script is not up to date after domain reload: guid(c0821447a35700c4280782d1092cf4c5) path("Packages/com.unity.collab-proxy/Editor/Views/Merge/Gluon/IncomingChangesTreeHeaderState.cs") state(2)
Script is not up to date after domain reload: guid(23471c5c18843794fba363cb093b5a05) path("Packages/com.unity.collab-proxy/Editor/Views/PendingChanges/DrawCommentTextArea.cs") state(2)
Script is not up to date after domain reload: guid(806bdb4f911275c4ca1ee81fde4b4d4f) path("Packages/com.unity.collab-proxy/Editor/Configuration/CloudEdition/Welcome/AutoLogin.cs") state(2)
Script is not up to date after domain reload: guid(608f66b5adac272459273ddaf3e4db5d) path("Packages/com.unity.collab-proxy/Editor/PlasticApp.cs") state(2)
Script is not up to date after domain reload: guid(0092dcc3ac595ea43981eedc23012f72) path("Packages/com.unity.collab-proxy/Editor/Views/PendingChanges/PendingChangesViewPendingChangeMenu.cs") state(2)
Script is not up to date after domain reload: guid(e9ffdef169b1cbb4e9910671a9ee83bc) path("Packages/com.unity.collab-proxy/Editor/AssetsUtils/Processor/AssetPostprocessor.cs") state(2)
Script is not up to date after domain reload: guid(156e16594aa6bd54cb77aa3f8eae5c82) path("Packages/com.unity.collab-proxy/Editor/Views/Diff/ChangeCategoryTreeViewItem.cs") state(2)
Script is not up to date after domain reload: guid(3f227b28cf424364489edd67fce697bc) path("Packages/com.unity.collab-proxy/Editor/AssetOverlays/Cache/AssetStatusCache.cs") state(2)
Script is not up to date after domain reload: guid(226459a134855504d841db6b61519d2b) path("Packages/com.unity.collab-proxy/Editor/AssetOverlays/Cache/LocalStatusCache.cs") state(2)
Script is not up to date after domain reload: guid(5b6e8a80709e2264eb383ef6b40e181f) path("Packages/com.unity.collab-proxy/Editor/Views/History/HistoryListHeaderState.cs") state(2)
Script is not up to date after domain reload: guid(cd17bd02643083b43bac72747b7641ff) path("Packages/com.unity.collab-proxy/Editor/NewIncomingChanges.cs") state(2)
Script is not up to date after domain reload: guid(b6aa72bc8240f514988bcccf4cf3cef5) path("Packages/com.unity.collab-proxy/Editor/_Deprecated/WebApi/IsCollabProjectMigratedResponse.cs") state(2)
Script is not up to date after domain reload: guid(3a6fba741cdd5fb4982a73a4d791754f) path("Packages/com.unity.collab-proxy/Editor/UI/DockEditorWindow.cs") state(2)
Script is not up to date after domain reload: guid(cf7c1a153f50c6548bfff5dfd2ef5dff) path("Packages/com.unity.collab-proxy/Editor/SwitchModeConfirmationDialog.cs") state(2)
Script is not up to date after domain reload: guid(595175d7af8f8234a9336a60e33b4f32) path("Packages/com.unity.collab-proxy/Editor/UI/Tree/DrawTreeViewItem.cs") state(2)
Script is not up to date after domain reload: guid(640fd06dff6f43498693eeda77683e6e) path("Packages/com.unity.collab-proxy/Editor/UI/DrawActionButtonWithMenu.cs") state(2)
Script is not up to date after domain reload: guid(0f34fdc6653d640839eaa1d2bc1bd538) path("Packages/com.unity.collab-proxy/Editor/Views/Locks/LocksViewMenu.cs") state(2)
Script is not up to date after domain reload: guid(7c8a8e3e4456f9149905cf2c80aa41a9) path("Packages/com.unity.collab-proxy/Editor/AssetMenu/AssetMenuItems.cs") state(2)
Script is not up to date after domain reload: guid(363c1190d7979084c84a0421cedb3a51) path("Packages/com.unity.collab-proxy/Editor/WebApi/CurrentUserAdminCheckResponse.cs") state(2)
Script is not up to date after domain reload: guid(3ccc9b689652f0b40b53c731af81f034) path("Packages/com.unity.collab-proxy/Editor/Views/PendingChanges/Dialogs/LaunchDependenciesDialog.cs") state(2)
Script is not up to date after domain reload: guid(c584c584ba20f4daea226141b9e55bd0) path("Packages/com.unity.collab-proxy/Editor/Views/PendingChanges/Dialogs/DependenciesDialog.cs") state(2)
Script is not up to date after domain reload: guid(69ebbdad2c303214683305d65fe26726) path("Packages/com.unity.collab-proxy/Editor/Views/Merge/Developer/ChangeTreeViewItem.cs") state(2)
Script is not up to date after domain reload: guid(b8a49294ba135a2408fd1b26bcda6f97) path("Packages/com.unity.collab-proxy/Editor/AssetMenu/ProjectViewAssetSelection.cs") state(2)
Script is not up to date after domain reload: guid(5013a6f8fee1f2a49b06f75fc5a6ece4) path("Packages/com.unity.collab-proxy/Editor/Views/Merge/Developer/IsCurrent.cs") state(2)
Script is not up to date after domain reload: guid(7495e44f1cb132745a310485807e68f6) path("Packages/com.unity.collab-proxy/Editor/AssetsUtils/RefreshAsset.cs") state(2)
Script is not up to date after domain reload: guid(118b64466f3c7c24e98e147660e2eb98) path("Packages/com.unity.collab-proxy/Editor/_Deprecated/WebApi/ChangesetFromCollabCommitResponse.cs") state(2)
Script is not up to date after domain reload: guid(ee61022c90cce0b49bb0e459b11ec2ee) path("Packages/com.unity.collab-proxy/Editor/UI/UnityPlasticGuiMessage.cs") state(2)
Script is not up to date after domain reload: guid(701a688f3cb0245579bf46b63d0b7134) path("Packages/com.unity.collab-proxy/Editor/UI/RunModal.cs") state(2)
Script is not up to date after domain reload: guid(8b1d1407c22e5844698f18df6a9f1781) path("Packages/com.unity.collab-proxy/Editor/_Deprecated/CollabPlugin.cs") state(2)
Script is not up to date after domain reload: guid(bd26c4fb413ea6d4687ebc488ff8a8c4) path("Packages/com.unity.collab-proxy/Editor/UI/Tree/DrawTreeViewEmptyState.cs") state(2)
Script is not up to date after domain reload: guid(d5366deaa0659eb44aa77a86d8bdc01a) path("Packages/com.unity.collab-proxy/Editor/UI/Tree/GetChangesOverlayIcon.cs") state(2)
Script is not up to date after domain reload: guid(c408e05e88bc93c458a3195b15e9d625) path("Packages/com.unity.collab-proxy/Editor/Views/Merge/Developer/ChangeCategoryTreeViewItem.cs") state(2)
Script is not up to date after domain reload: guid(077387e98bf29fb4a97bccfb592cfaf7) path("Packages/com.unity.collab-proxy/Editor/Configuration/CloudEdition/Welcome/WaitingSignInPanel.cs") state(2)
Script is not up to date after domain reload: guid(9019d1f6d4a14cb49a269dbffb6ea011) path("Packages/com.unity.collab-proxy/Editor/PlasticConnectionMonitor.cs") state(2)
Script is not up to date after domain reload: guid(397f62458d0ad3441aaaa1a738bd4f94) path("Packages/com.unity.collab-proxy/Editor/Views/Changesets/ChangesetsViewMenu.cs") state(2)
Script is not up to date after domain reload: guid(d6db53f93de967c489902da57a7290a1) path("Packages/com.unity.collab-proxy/Editor/Views/Merge/Developer/IsResolved.cs") state(2)
Script is not up to date after domain reload: guid(fdec637f96aaa6546ad88a90cae5dcf1) path("Packages/com.unity.collab-proxy/Editor/AssetsUtils/Processor/WorkspaceOperationsMonitor.cs") state(2)
Script is not up to date after domain reload: guid(0a3ad267026374439be70d4b4cd3d4f7) path("Packages/com.unity.collab-proxy/Editor/UI/UnityStyles.cs") state(2)
Script is not up to date after domain reload: guid(471badd5c87fb154885f11cdf1b49a00) path("Packages/com.unity.collab-proxy/Editor/Views/Changesets/ChangesetsTab.cs") state(2)
Script is not up to date after domain reload: guid(a9298a2c04dfc944bbc6ea156f4e2104) path("Packages/com.unity.collab-proxy/Editor/Views/Welcome/WelcomeView.cs") state(2)
Script is not up to date after domain reload: guid(8c069d7fb0d30cf499458f0d9c9fe035) path("Packages/com.unity.collab-proxy/Editor/Gluon/Errors/ErrorsListHeaderState.cs") state(2)
Script is not up to date after domain reload: guid(f1969c6a4a44a474983058896f48d9f5) path("Packages/com.unity.collab-proxy/Editor/Configuration/SSOCredentialsDialog.cs") state(2)
Script is not up to date after domain reload: guid(f88a4e9dbb5a07744954a86cbb61d54f) path("Packages/com.unity.collab-proxy/Editor/Views/Merge/Developer/DirectoryConflicts/ConflictResolutionState.cs") state(2)
Script is not up to date after domain reload: guid(4932f8b3d8c26804bb16dc5cb5b766ce) path("Packages/com.unity.collab-proxy/Editor/WebApi/TokenExchangeResponse.cs") state(2)
Script is not up to date after domain reload: guid(0188683ab76112f4897348feb19a3b77) path("Packages/com.unity.collab-proxy/Editor/Gluon/UpdateReport/ErrorListViewItem.cs") state(2)
Script is not up to date after domain reload: guid(6fb9548ec1290b943b7beca241c81e7d) path("Packages/com.unity.collab-proxy/Editor/Views/Merge/Gluon/UnityIncomingChangesTree.cs") state(2)
Script is not up to date after domain reload: guid(63860c9f5f91cbb4ea813deafa1327a0) path("Packages/com.unity.collab-proxy/Editor/WebApi/SubscriptionDetailsResponse.cs") state(2)
Script is not up to date after domain reload: guid(ea0c99d9630e5ca40ba541545beec9b8) path("Packages/com.unity.collab-proxy/Editor/PlasticNotification.cs") state(2)
Script is not up to date after domain reload: guid(85f4628ae66f0eb439e59db66adbc696) path("Packages/com.unity.collab-proxy/Editor/Configuration/CloudEdition/Welcome/SignInWithEmailPanel.cs") state(2)
Script is not up to date after domain reload: guid(1b909cb14b9a08c45b5d03f0b61feecb) path("Packages/com.unity.collab-proxy/Editor/Views/Branch/BranchesListView.cs") state(2)
Script is not up to date after domain reload: guid(692efc1eed5c84f29bf2d65887fd852c) path("Assets/_Scripts/FollowCam.cs") state(2)
Script is not up to date after domain reload: guid(788db2c7ca3c2804d912f447ffc19856) path("Packages/com.unity.collab-proxy/Editor/Views/CreateWorkspace/DrawCreateWorkspaceView.cs") state(2)
Script is not up to date after domain reload: guid(14c7ad7d838cc1d4691f5d9ca504f0ac) path("Packages/com.unity.collab-proxy/Editor/DrawGuiModeSwitcher.cs") state(2)
Script is not up to date after domain reload: guid(f6aa8eca9e9e84840b73620eb177ea9e) path("Packages/com.unity.collab-proxy/Editor/CheckWorkspaceTreeNodeStatus.cs") state(2)
Script is not up to date after domain reload: guid(7ff9581aa143f4d41b4e351881b8f459) path("Packages/com.unity.collab-proxy/Editor/Views/Changesets/ChangesetsListHeaderState.cs") state(2)
Script is not up to date after domain reload: guid(896223e567b01c747b4726ef429e31ea) path("Packages/com.unity.collab-proxy/Editor/ViewSwitcher.cs") state(2)
Script is not up to date after domain reload: guid(c08cfcfc4c2c46c46940ed103538acae) path("Packages/com.unity.collab-proxy/Editor/UI/DrawActionButton.cs") state(2)
Script is not up to date after domain reload: guid(2bdca37e8ede38949a186765fa1eefc6) path("Packages/com.unity.collab-proxy/Editor/UI/ShowWindow.cs") state(2)
Script is not up to date after domain reload: guid(75e502da07ff345528edbecd094b5cb5) path("Packages/com.unity.collab-proxy/Editor/UI/CooldownWindowDelayer.cs") state(2)
Script is not up to date after domain reload: guid(5294f667272fcb2438a79369c92cc7e7) path("Packages/com.unity.collab-proxy/Editor/Views/CreateWorkspace/CreateWorkspaceView.cs") state(2)
Script is not up to date after domain reload: guid(c3cec769cd6ff2849aa09c811b62e611) path("Packages/com.unity.collab-proxy/Editor/Views/History/HistoryListViewMenu.cs") state(2)
Script is not up to date after domain reload: guid(802adf99bdbb1a3439a0a09ae5664192) path("Packages/com.unity.collab-proxy/Editor/AssetsUtils/SaveAssets.cs") state(2)
Script is not up to date after domain reload: guid(2e38b4690fec967478ecffad444155e6) path("Packages/com.unity.collab-proxy/Editor/_Deprecated/WebApi/OrganizationCredentials.cs") state(2)
Script is not up to date after domain reload: guid(83b1892330f664c16ac7cfaf0c0607f2) path("Assets/_Scripts/Projectile.cs") state(2)
Script is not up to date after domain reload: guid(b29af44841cd6644e876233cd057bc18) path("Packages/com.unity.collab-proxy/Editor/Views/CreateWorkspace/Dialogs/RepositoryExplorerDialog.cs") state(2)
Script is not up to date after domain reload: guid(d9369fa547ca81b4fafa42a3e74c1b7a) path("Packages/com.unity.collab-proxy/Editor/AssetsUtils/GetSelectedPaths.cs") state(2)
Script is not up to date after domain reload: guid(68d5bb402c52edc48b494a59b8971758) path("Packages/com.unity.collab-proxy/Editor/Configuration/EncryptionConfigurationDialog.cs") state(2)
Script is not up to date after domain reload: guid(ade7225274b3d4c32a9eb7e64f83c5a1) path("Packages/com.unity.collab-proxy/Editor/Views/PendingChanges/ChangeCategoryTreeViewItem.cs") state(2)
Script is not up to date after domain reload: guid(1dc96db8ece508c4696f7e89c2cd11e3) path("Packages/com.unity.collab-proxy/Editor/UnityConfigurationChecker.cs") state(2)
Script is not up to date after domain reload: guid(41633509da720014cbd77f755b378ce7) path("Packages/com.unity.collab-proxy/Editor/Views/CreateWorkspace/CreateWorkspaceViewState.cs") state(2)
Script is not up to date after domain reload: guid(615ff93ab52eb8242a9194d4f711676f) path("Packages/com.unity.collab-proxy/Editor/Configuration/CloudEdition/Welcome/OrganizationPanel.cs") state(2)
Script is not up to date after domain reload: guid(7985a2b6ab3fac849929b1e2d51fe9cf) path("Packages/com.unity.collab-proxy/Editor/Hub/Operations/OperationParams.cs") state(2)
Script is not up to date after domain reload: guid(30e9a0b4c58f24512803e160e0216686) path("Packages/com.unity.collab-proxy/Editor/WorkspaceWindow.cs") state(2)
Caller must complete domain reload
Begin MonoManager ReloadAssembly
Thread 0x17f2e7000 may have been prematurely finalized
- Loaded All Assemblies, in  0.490 seconds
Native extension for OSXStandalone target not found
Native extension for WebGL target not found
Mono: successfully reloaded assembly
- Finished resetting the current domain, in  0.829 seconds
Domain Reload Profiling: 1319ms
	BeginReloadAssembly (252ms)
		ExecutionOrderSort (0ms)
		DisableScriptedObjects (7ms)
		BackupInstance (0ms)
		ReleaseScriptingObjects (0ms)
		CreateAndSetChildDomain (103ms)
	RebuildCommonClasses (25ms)
	RebuildNativeTypeToScriptingClass (9ms)
	initialDomainReloadingComplete (20ms)
	LoadAllAssembliesAndSetupDomain (184ms)
		LoadAssemblies (265ms)
		RebuildTransferFunctionScriptingTraits (0ms)
		AnalyzeDomain (16ms)
			TypeCache.Refresh (10ms)
				TypeCache.ScanAssembly (0ms)
			ScanForSourceGeneratedMonoScriptInfo (0ms)
			ResolveRequiredComponents (5ms)
	FinalizeReload (829ms)
		ReleaseScriptCaches (0ms)
		RebuildScriptCaches (0ms)
		SetupLoadedEditorAssemblies (251ms)
			LogAssemblyErrors (0ms)
			InitializePlatformSupportModulesInManaged (5ms)
			SetLoadedEditorAssemblies (3ms)
			RefreshPlugins (0ms)
			BeforeProcessingInitializeOnLoad (37ms)
			ProcessInitializeOnLoadAttributes (191ms)
			ProcessInitializeOnLoadMethodAttributes (14ms)
			AfterProcessingInitializeOnLoad (1ms)
			EditorAssembliesLoaded (0ms)
		ExecutionOrderSort2 (0ms)
		AwakeInstancesAfterBackupRestoration (4ms)
Script is not up to date after domain reload: guid(9b917d42ad338ab4494088f574472998) path("Packages/com.unity.collab-proxy/Editor/Views/Merge/Gluon/IncomingChangesTab.cs") state(2)
Script is not up to date after domain reload: guid(f1b80531a496e644abedd795c21274cb) path("Packages/com.unity.collab-proxy/Editor/Developer/ProgressOperationHandler.cs") state(2)
Script is not up to date after domain reload: guid(a0fc5252a48d8b34f945b4ae3ad45030) path("Packages/com.unity.collab-proxy/Editor/Views/Branch/Dialogs/CreateBranchDialog.cs") state(2)
Script is not up to date after domain reload: guid(ac908610ab768459d9be962750408b43) path("Packages/com.unity.collab-proxy/Editor/UI/PlasticDialog.cs") state(2)
Script is not up to date after domain reload: guid(28ce2dedf734c7c4e8ad114c00173d65) path("Packages/com.unity.collab-proxy/Editor/Inspector/DrawInspectorOperations.cs") state(2)
Script is not up to date after domain reload: guid(71c34e5fa319ca644b6806e573c33d88) path("Packages/com.unity.collab-proxy/Editor/Gluon/Errors/ErrorListViewItem.cs") state(2)
Script is not up to date after domain reload: guid(9b17ac8ceb35dc74fbf646862e01a782) path("Packages/com.unity.collab-proxy/Editor/Gluon/IncomingChangesNotification.cs") state(2)
Script is not up to date after domain reload: guid(7f2f2eb277e02054cbc5ccee904b593b) path("Packages/com.unity.collab-proxy/Editor/Views/Merge/Gluon/IncomingChangesTreeView.cs") state(2)
Script is not up to date after domain reload: guid(05b4d56bb0dca1b458c2e10c2548663b) path("Packages/com.unity.collab-proxy/Editor/Views/PendingChanges/PendingChangesTab_Operations.cs") state(2)
Script is not up to date after domain reload: guid(59e682a8b37338a46910fa9a939425e3) path("Packages/com.unity.collab-proxy/Editor/Views/Changesets/ChangesetsListView.cs") state(2)
Script is not up to date after domain reload: guid(c456fa791a741a045a8a99ee73af2ae6) path("Packages/com.unity.collab-proxy/Editor/AssetMenu/AssetMenuOperations.cs") state(2)
Script is not up to date after domain reload: guid(6629f1bb292b749a18b5fff7994c8b19) path("Packages/com.unity.collab-proxy/Editor/PlasticWindow.cs") state(2)
Script is not up to date after domain reload: guid(a9881fce7e445b84bbbd53752db30fe9) path("Packages/com.unity.collab-proxy/Editor/Views/Merge/Developer/DirectoryConflicts/DrawDirectoryResolutionPanel.cs") state(2)
Script is not up to date after domain reload: guid(7aad121cec1867b4493b3b31bc5c8a26) path("Packages/com.unity.collab-proxy/Editor/VCSPlugin.cs") state(2)
Script is not up to date after domain reload: guid(7c21251ff4b7d844292a388e81e47e59) path("Packages/com.unity.collab-proxy/Editor/Configuration/AutoConfig.cs") state(2)
Script is not up to date after domain reload: guid(cc9b578c680471e41965738c85cbabbf) path("Packages/com.unity.collab-proxy/Editor/Developer/IncomingChangesNotification.cs") state(2)
Script is not up to date after domain reload: guid(100f9184f13dd20448c29dc74f30dce1) path("Packages/com.unity.collab-proxy/Editor/Toolbar/ToolbarButton.cs") state(2)
Script is not up to date after domain reload: guid(2b3223ee740687445a7e4bc793fa2aae) path("Packages/com.unity.collab-proxy/Editor/Configuration/ConfigurePartialWorkspace.cs") state(2)
Script is not up to date after domain reload: guid(a9e847d045a7744b08c7a37912965cdc) path("Packages/com.unity.collab-proxy/Editor/Views/PendingChanges/ChangeTreeViewItem.cs") state(2)
Script is not up to date after domain reload: guid(de7c5b4b6cb58e546b24137064ac9025) path("Packages/com.unity.collab-proxy/Editor/Hub/Operations/CreateWorkspace.cs") state(2)
Script is not up to date after domain reload: guid(d1c46ccb760d06146a24b7e265e19566) path("Packages/com.unity.collab-proxy/Editor/WebApi/CredentialsResponse.cs") state(2)
Script is not up to date after domain reload: guid(a077a49d9db9de74f827f0568f6e65c2) path("Packages/com.unity.collab-proxy/Editor/AssetsUtils/AssetsPath.cs") state(2)
Script is not up to date after domain reload: guid(a840d4787ba856c4dbaf61207189b00c) path("Packages/com.unity.collab-proxy/Editor/AutoRefresh.cs") state(2)
Script is not up to date after domain reload: guid(2dae17e8419667e46a2a476dd2cd18e0) path("Packages/com.unity.collab-proxy/Editor/UI/StatusBar/StatusBar.cs") state(2)
Script is not up to date after domain reload: guid(29e0becc4ce852c439ff3e642f0375bd) path("Packages/com.unity.collab-proxy/Editor/Views/CreateWorkspace/PerformInitialCheckin.cs") state(2)
Script is not up to date after domain reload: guid(3a49359b59c12b74386ca6816923ec2c) path("Packages/com.unity.collab-proxy/Editor/Views/History/HistoryTab.cs") state(2)
Script is not up to date after domain reload: guid(c60feb8f0f5f57c4393eae9a43529616) path("Packages/com.unity.collab-proxy/Editor/UI/UnityConstants.cs") state(2)
Script is not up to date after domain reload: guid(e57a1c5d3e1c8844eb3893fed51c9727) path("Packages/com.unity.collab-proxy/Editor/WebApi/WebRestApiClient.cs") state(2)
Script is not up to date after domain reload: guid(678db227e4ffec949980d309c0532b08) path("Packages/com.unity.collab-proxy/Editor/AssetMenu/Dialogs/CheckinDialog.cs") state(2)
Script is not up to date after domain reload: guid(d287890d8b11cb7498506935c825b43d) path("Packages/com.unity.collab-proxy/Editor/Views/Merge/Gluon/IncomingChangesSelection.cs") state(2)
Script is not up to date after domain reload: guid(4ad84899006a47b9b710662c93ec6448) path("Packages/com.unity.collab-proxy/Editor/Views/Locks/LocksListView.cs") state(2)
Script is not up to date after domain reload: guid(e210f95899b654f50b335e8f56ff0efa) path("Assets/_Scripts/Slingshot.cs") state(2)
Script is not up to date after domain reload: guid(2350e7d7f6d79024da24dea8f15a6881) path("Packages/com.unity.collab-proxy/Editor/Views/Branch/BranchesTab.cs") state(2)
Script is not up to date after domain reload: guid(349d4bc84d3b4fa48a1970539c06144c) path("Packages/com.unity.collab-proxy/Editor/Views/Merge/Gluon/IncomingChangesViewMenu.cs") state(2)
Script is not up to date after domain reload: guid(f4a41e458bcb22946bcfa6b165c90288) path("Packages/com.unity.collab-proxy/Editor/Views/Branch/BranchesListHeaderState.cs") state(2)
Script is not up to date after domain reload: guid(5474cb78511de04459cac50d50b9d9e0) path("Packages/com.unity.collab-proxy/Editor/UI/DrawSearchField.cs") state(2)
Script is not up to date after domain reload: guid(0ee79162e06c6984a97600b7c0680611) path("Packages/com.unity.collab-proxy/Editor/Views/Diff/DiffPanel.cs") state(2)
Script is not up to date after domain reload: guid(09b199e86de5d1944ab9106ca2c11f75) path("Packages/com.unity.collab-proxy/Editor/Gluon/ProgressOperationHandler.cs") state(2)
Script is not up to date after domain reload: guid(1b2dfd8c552c2468ca523d8dbb93ea5d) path("Packages/com.unity.collab-proxy/Editor/Views/PendingChanges/PendingChangesTab.cs") state(2)
Script is not up to date after domain reload: guid(faf2afd8696f4604f82f46b06b357f06) path("Packages/com.unity.collab-proxy/Editor/Views/Merge/Gluon/ChangeCategoryTreeViewItem.cs") state(2)
Script is not up to date after domain reload: guid(65c9d93f86da86b41a712d92e8f03dc2) path("Packages/com.unity.collab-proxy/Editor/UI/GetPlasticShortcut.cs") state(2)
Script is not up to date after domain reload: guid(d491adc3134c2ac4d9e3c61ed42a7ccd) path("Packages/com.unity.collab-proxy/Editor/Views/Merge/Gluon/ChangeTreeViewItem.cs") state(2)
Script is not up to date after domain reload: guid(ca17c170df6db5042b70adc65fbe770c) path("Packages/com.unity.collab-proxy/Editor/PlasticMenuItem.cs") state(2)
Script is not up to date after domain reload: guid(8e956137d866cfc4797b1830930ed57e) path("Packages/com.unity.collab-proxy/Editor/ExternalLink.cs") state(2)
Script is not up to date after domain reload: guid(a1f5156c89fd104459e8ec0cc3098899) path("Packages/com.unity.collab-proxy/Editor/Views/Branch/BranchesViewMenu.cs") state(2)
Script is not up to date after domain reload: guid(608efd4e185fb9440bb8550d98e20ca4) path("Packages/com.unity.collab-proxy/Editor/Hub/Operations/DownloadRepository.cs") state(2)
Script is not up to date after domain reload: guid(d097a5d507694ba7ac97bc9a9f2942e3) path("Packages/com.unity.collab-proxy/Editor/Settings/PlasticProjectSettingsProvider.cs") state(2)
Script is not up to date after domain reload: guid(a6d05b29e607e62478df26227566e1b9) path("Packages/com.unity.collab-proxy/Editor/Tool/LaunchTool.cs") state(2)
Script is not up to date after domain reload: guid(594dcd9e9e4804aa281a66d024d30752) path("Packages/com.unity.collab-proxy/Editor/Views/PendingChanges/PendingChangesTreeView.cs") state(2)
Script is not up to date after domain reload: guid(bba806fdb20eb5a4da6cc856323d6273) path("Packages/com.unity.collab-proxy/Editor/Configuration/CloudEdition/Welcome/SignInPanel.cs") state(2)
Script is not up to date after domain reload: guid(45d03e5c984da3448b417289e95e4291) path("Packages/com.unity.collab-proxy/Editor/Views/PendingChanges/Dialogs/FilterRulesConfirmationDialog.cs") state(2)
Script is not up to date after domain reload: guid(0f222cc01be81b842b1333c92fb7355c) path("Packages/com.unity.collab-proxy/Editor/UI/DrawUserIcon.cs") state(2)
Script is not up to date after domain reload: guid(c46424c57c6462945b14ac0c95281406) path("Packages/com.unity.collab-proxy/Editor/Configuration/CredentialsDialog.cs") state(2)
Script is not up to date after domain reload: guid(9bef80072d106be4ea36de88adc0e985) path("Packages/com.unity.collab-proxy/Editor/Inspector/InspectorAssetSelection.cs") state(2)
Script is not up to date after domain reload: guid(c18598e9d808edb4583a6aa724ffc268) path("Packages/com.unity.collab-proxy/Editor/Views/CreateWorkspace/Dialogs/RepositoriesListView.cs") state(2)
Script is not up to date after domain reload: guid(de6e8913aefd69d4ca90a7216d225d3a) path("Packages/com.unity.collab-proxy/Editor/Tool/ToolConstants.cs") state(2)
Script is not up to date after domain reload: guid(e57affb3c41ab402e86f99747be972a2) path("Packages/com.unity.collab-proxy/Editor/Views/PendingChanges/PendingChangesTreeHeaderState.cs") state(2)
Script is not up to date after domain reload: guid(61f74d0a8a3f1f542b8afe99e65686df) path("Packages/com.unity.collab-proxy/Editor/Views/CreateWorkspace/Dialogs/CreateRepositoryDialog.cs") state(2)
Script is not up to date after domain reload: guid(d765c78b18a58b14a986b34841ae9c52) path("Packages/com.unity.collab-proxy/Editor/UI/Images.cs") state(2)
Script is not up to date after domain reload: guid(7a04ed4805f84fd4a8ceee51915ba39a) path("Packages/com.unity.collab-proxy/Editor/Views/Merge/IIncomingChangesTab.cs") state(2)
Script is not up to date after domain reload: guid(f25df29da91c45449ada5f3da8cf20ea) path("Packages/com.unity.collab-proxy/Editor/Tool/IsExeAvailable.cs") state(2)
Script is not up to date after domain reload: guid(2f536f0e9a974d75b293f6aee8e2cdf2) path("Packages/com.unity.collab-proxy/Editor/Views/Locks/LocksTab.cs") state(2)
Script is not up to date after domain reload: guid(d877163a4d5b71945ae435ce29592751) path("Packages/com.unity.collab-proxy/Editor/_Deprecated/CollabMigration/MigrateCollabProject.cs") state(2)
Script is not up to date after domain reload: guid(331d1c37d891f334390adb8324042856) path("Packages/com.unity.collab-proxy/Editor/Gluon/Errors/ErrorsListView.cs") state(2)
Script is not up to date after domain reload: guid(2c9c0041347ae4e4cb794a3da850fa79) path("Packages/com.unity.collab-proxy/Editor/Views/Diff/DiffTreeViewMenu.cs") state(2)
Script is not up to date after domain reload: guid(21c48a9c4396ce94eb4a38975f725e8c) path("Packages/com.unity.collab-proxy/Editor/PlasticShutdown.cs") state(2)
Script is not up to date after domain reload: guid(aebdb56b44622b2468b014e27e5e28e5) path("Packages/com.unity.collab-proxy/Editor/PlasticPlugin.cs") state(2)
Script is not up to date after domain reload: guid(06e8f2c592322e640ae99a833427b552) path("Packages/com.unity.collab-proxy/Editor/Views/Changesets/ChangesetsTab_Operations.cs") state(2)
Script is not up to date after domain reload: guid(0ad54f9e1bb701142b116d0d1ed98437) path("Packages/com.unity.collab-proxy/Editor/Configuration/CloudEdition/Welcome/CloudEditionWelcomeWindow.cs") state(2)
Script is not up to date after domain reload: guid(83882c7718d0fc34f8a05141328ceac1) path("Packages/com.unity.collab-proxy/Editor/Views/CreateWorkspace/Dialogs/RepositoryListViewItem.cs") state(2)
Script is not up to date after domain reload: guid(c0821447a35700c4280782d1092cf4c5) path("Packages/com.unity.collab-proxy/Editor/Views/Merge/Gluon/IncomingChangesTreeHeaderState.cs") state(2)
Script is not up to date after domain reload: guid(23471c5c18843794fba363cb093b5a05) path("Packages/com.unity.collab-proxy/Editor/Views/PendingChanges/DrawCommentTextArea.cs") state(2)
Script is not up to date after domain reload: guid(806bdb4f911275c4ca1ee81fde4b4d4f) path("Packages/com.unity.collab-proxy/Editor/Configuration/CloudEdition/Welcome/AutoLogin.cs") state(2)
Script is not up to date after domain reload: guid(608f66b5adac272459273ddaf3e4db5d) path("Packages/com.unity.collab-proxy/Editor/PlasticApp.cs") state(2)
Script is not up to date after domain reload: guid(0092dcc3ac595ea43981eedc23012f72) path("Packages/com.unity.collab-proxy/Editor/Views/PendingChanges/PendingChangesViewPendingChangeMenu.cs") state(2)
Script is not up to date after domain reload: guid(e9ffdef169b1cbb4e9910671a9ee83bc) path("Packages/com.unity.collab-proxy/Editor/AssetsUtils/Processor/AssetPostprocessor.cs") state(2)
Script is not up to date after domain reload: guid(156e16594aa6bd54cb77aa3f8eae5c82) path("Packages/com.unity.collab-proxy/Editor/Views/Diff/ChangeCategoryTreeViewItem.cs") state(2)
Script is not up to date after domain reload: guid(3f227b28cf424364489edd67fce697bc) path("Packages/com.unity.collab-proxy/Editor/AssetOverlays/Cache/AssetStatusCache.cs") state(2)
Script is not up to date after domain reload: guid(226459a134855504d841db6b61519d2b) path("Packages/com.unity.collab-proxy/Editor/AssetOverlays/Cache/LocalStatusCache.cs") state(2)
Script is not up to date after domain reload: guid(5b6e8a80709e2264eb383ef6b40e181f) path("Packages/com.unity.collab-proxy/Editor/Views/History/HistoryListHeaderState.cs") state(2)
Script is not up to date after domain reload: guid(cd17bd02643083b43bac72747b7641ff) path("Packages/com.unity.collab-proxy/Editor/NewIncomingChanges.cs") state(2)
Script is not up to date after domain reload: guid(b6aa72bc8240f514988bcccf4cf3cef5) path("Packages/com.unity.collab-proxy/Editor/_Deprecated/WebApi/IsCollabProjectMigratedResponse.cs") state(2)
Script is not up to date after domain reload: guid(3a6fba741cdd5fb4982a73a4d791754f) path("Packages/com.unity.collab-proxy/Editor/UI/DockEditorWindow.cs") state(2)
Script is not up to date after domain reload: guid(cf7c1a153f50c6548bfff5dfd2ef5dff) path("Packages/com.unity.collab-proxy/Editor/SwitchModeConfirmationDialog.cs") state(2)
Script is not up to date after domain reload: guid(595175d7af8f8234a9336a60e33b4f32) path("Packages/com.unity.collab-proxy/Editor/UI/Tree/DrawTreeViewItem.cs") state(2)
Script is not up to date after domain reload: guid(640fd06dff6f43498693eeda77683e6e) path("Packages/com.unity.collab-proxy/Editor/UI/DrawActionButtonWithMenu.cs") state(2)
Script is not up to date after domain reload: guid(0f34fdc6653d640839eaa1d2bc1bd538) path("Packages/com.unity.collab-proxy/Editor/Views/Locks/LocksViewMenu.cs") state(2)
Script is not up to date after domain reload: guid(7c8a8e3e4456f9149905cf2c80aa41a9) path("Packages/com.unity.collab-proxy/Editor/AssetMenu/AssetMenuItems.cs") state(2)
Script is not up to date after domain reload: guid(363c1190d7979084c84a0421cedb3a51) path("Packages/com.unity.collab-proxy/Editor/WebApi/CurrentUserAdminCheckResponse.cs") state(2)
Script is not up to date after domain reload: guid(3ccc9b689652f0b40b53c731af81f034) path("Packages/com.unity.collab-proxy/Editor/Views/PendingChanges/Dialogs/LaunchDependenciesDialog.cs") state(2)
Script is not up to date after domain reload: guid(c584c584ba20f4daea226141b9e55bd0) path("Packages/com.unity.collab-proxy/Editor/Views/PendingChanges/Dialogs/DependenciesDialog.cs") state(2)
Script is not up to date after domain reload: guid(69ebbdad2c303214683305d65fe26726) path("Packages/com.unity.collab-proxy/Editor/Views/Merge/Developer/ChangeTreeViewItem.cs") state(2)
Script is not up to date after domain reload: guid(b8a49294ba135a2408fd1b26bcda6f97) path("Packages/com.unity.collab-proxy/Editor/AssetMenu/ProjectViewAssetSelection.cs") state(2)
Script is not up to date after domain reload: guid(5013a6f8fee1f2a49b06f75fc5a6ece4) path("Packages/com.unity.collab-proxy/Editor/Views/Merge/Developer/IsCurrent.cs") state(2)
Script is not up to date after domain reload: guid(7495e44f1cb132745a310485807e68f6) path("Packages/com.unity.collab-proxy/Editor/AssetsUtils/RefreshAsset.cs") state(2)
Script is not up to date after domain reload: guid(118b64466f3c7c24e98e147660e2eb98) path("Packages/com.unity.collab-proxy/Editor/_Deprecated/WebApi/ChangesetFromCollabCommitResponse.cs") state(2)
Script is not up to date after domain reload: guid(ee61022c90cce0b49bb0e459b11ec2ee) path("Packages/com.unity.collab-proxy/Editor/UI/UnityPlasticGuiMessage.cs") state(2)
Script is not up to date after domain reload: guid(701a688f3cb0245579bf46b63d0b7134) path("Packages/com.unity.collab-proxy/Editor/UI/RunModal.cs") state(2)
Script is not up to date after domain reload: guid(8b1d1407c22e5844698f18df6a9f1781) path("Packages/com.unity.collab-proxy/Editor/_Deprecated/CollabPlugin.cs") state(2)
Script is not up to date after domain reload: guid(bd26c4fb413ea6d4687ebc488ff8a8c4) path("Packages/com.unity.collab-proxy/Editor/UI/Tree/DrawTreeViewEmptyState.cs") state(2)
Script is not up to date after domain reload: guid(d5366deaa0659eb44aa77a86d8bdc01a) path("Packages/com.unity.collab-proxy/Editor/UI/Tree/GetChangesOverlayIcon.cs") state(2)
Script is not up to date after domain reload: guid(c408e05e88bc93c458a3195b15e9d625) path("Packages/com.unity.collab-proxy/Editor/Views/Merge/Developer/ChangeCategoryTreeViewItem.cs") state(2)
Script is not up to date after domain reload: guid(077387e98bf29fb4a97bccfb592cfaf7) path("Packages/com.unity.collab-proxy/Editor/Configuration/CloudEdition/Welcome/WaitingSignInPanel.cs") state(2)
Script is not up to date after domain reload: guid(9019d1f6d4a14cb49a269dbffb6ea011) path("Packages/com.unity.collab-proxy/Editor/PlasticConnectionMonitor.cs") state(2)
Script is not up to date after domain reload: guid(397f62458d0ad3441aaaa1a738bd4f94) path("Packages/com.unity.collab-proxy/Editor/Views/Changesets/ChangesetsViewMenu.cs") state(2)
Script is not up to date after domain reload: guid(d6db53f93de967c489902da57a7290a1) path("Packages/com.unity.collab-proxy/Editor/Views/Merge/Developer/IsResolved.cs") state(2)
Script is not up to date after domain reload: guid(fdec637f96aaa6546ad88a90cae5dcf1) path("Packages/com.unity.collab-proxy/Editor/AssetsUtils/Processor/WorkspaceOperationsMonitor.cs") state(2)
Script is not up to date after domain reload: guid(0a3ad267026374439be70d4b4cd3d4f7) path("Packages/com.unity.collab-proxy/Editor/UI/UnityStyles.cs") state(2)
Script is not up to date after domain reload: guid(471badd5c87fb154885f11cdf1b49a00) path("Packages/com.unity.collab-proxy/Editor/Views/Changesets/ChangesetsTab.cs") state(2)
Script is not up to date after domain reload: guid(a9298a2c04dfc944bbc6ea156f4e2104) path("Packages/com.unity.collab-proxy/Editor/Views/Welcome/WelcomeView.cs") state(2)
Script is not up to date after domain reload: guid(8c069d7fb0d30cf499458f0d9c9fe035) path("Packages/com.unity.collab-proxy/Editor/Gluon/Errors/ErrorsListHeaderState.cs") state(2)
Script is not up to date after domain reload: guid(f1969c6a4a44a474983058896f48d9f5) path("Packages/com.unity.collab-proxy/Editor/Configuration/SSOCredentialsDialog.cs") state(2)
Script is not up to date after domain reload: guid(f88a4e9dbb5a07744954a86cbb61d54f) path("Packages/com.unity.collab-proxy/Editor/Views/Merge/Developer/DirectoryConflicts/ConflictResolutionState.cs") state(2)
Script is not up to date after domain reload: guid(4932f8b3d8c26804bb16dc5cb5b766ce) path("Packages/com.unity.collab-proxy/Editor/WebApi/TokenExchangeResponse.cs") state(2)
Script is not up to date after domain reload: guid(0188683ab76112f4897348feb19a3b77) path("Packages/com.unity.collab-proxy/Editor/Gluon/UpdateReport/ErrorListViewItem.cs") state(2)
Script is not up to date after domain reload: guid(6fb9548ec1290b943b7beca241c81e7d) path("Packages/com.unity.collab-proxy/Editor/Views/Merge/Gluon/UnityIncomingChangesTree.cs") state(2)
Script is not up to date after domain reload: guid(63860c9f5f91cbb4ea813deafa1327a0) path("Packages/com.unity.collab-proxy/Editor/WebApi/SubscriptionDetailsResponse.cs") state(2)
Script is not up to date after domain reload: guid(ea0c99d9630e5ca40ba541545beec9b8) path("Packages/com.unity.collab-proxy/Editor/PlasticNotification.cs") state(2)
Script is not up to date after domain reload: guid(85f4628ae66f0eb439e59db66adbc696) path("Packages/com.unity.collab-proxy/Editor/Configuration/CloudEdition/Welcome/SignInWithEmailPanel.cs") state(2)
Script is not up to date after domain reload: guid(1b909cb14b9a08c45b5d03f0b61feecb) path("Packages/com.unity.collab-proxy/Editor/Views/Branch/BranchesListView.cs") state(2)
Script is not up to date after domain reload: guid(692efc1eed5c84f29bf2d65887fd852c) path("Assets/_Scripts/FollowCam.cs") state(2)
Script is not up to date after domain reload: guid(788db2c7ca3c2804d912f447ffc19856) path("Packages/com.unity.collab-proxy/Editor/Views/CreateWorkspace/DrawCreateWorkspaceView.cs") state(2)
Script is not up to date after domain reload: guid(14c7ad7d838cc1d4691f5d9ca504f0ac) path("Packages/com.unity.collab-proxy/Editor/DrawGuiModeSwitcher.cs") state(2)
Script is not up to date after domain reload: guid(f6aa8eca9e9e84840b73620eb177ea9e) path("Packages/com.unity.collab-proxy/Editor/CheckWorkspaceTreeNodeStatus.cs") state(2)
Script is not up to date after domain reload: guid(7ff9581aa143f4d41b4e351881b8f459) path("Packages/com.unity.collab-proxy/Editor/Views/Changesets/ChangesetsListHeaderState.cs") state(2)
Script is not up to date after domain reload: guid(896223e567b01c747b4726ef429e31ea) path("Packages/com.unity.collab-proxy/Editor/ViewSwitcher.cs") state(2)
Script is not up to date after domain reload: guid(c08cfcfc4c2c46c46940ed103538acae) path("Packages/com.unity.collab-proxy/Editor/UI/DrawActionButton.cs") state(2)
Script is not up to date after domain reload: guid(2bdca37e8ede38949a186765fa1eefc6) path("Packages/com.unity.collab-proxy/Editor/UI/ShowWindow.cs") state(2)
Script is not up to date after domain reload: guid(75e502da07ff345528edbecd094b5cb5) path("Packages/com.unity.collab-proxy/Editor/UI/CooldownWindowDelayer.cs") state(2)
Script is not up to date after domain reload: guid(5294f667272fcb2438a79369c92cc7e7) path("Packages/com.unity.collab-proxy/Editor/Views/CreateWorkspace/CreateWorkspaceView.cs") state(2)
Script is not up to date after domain reload: guid(c3cec769cd6ff2849aa09c811b62e611) path("Packages/com.unity.collab-proxy/Editor/Views/History/HistoryListViewMenu.cs") state(2)
Script is not up to date after domain reload: guid(802adf99bdbb1a3439a0a09ae5664192) path("Packages/com.unity.collab-proxy/Editor/AssetsUtils/SaveAssets.cs") state(2)
Script is not up to date after domain reload: guid(2e38b4690fec967478ecffad444155e6) path("Packages/com.unity.collab-proxy/Editor/_Deprecated/WebApi/OrganizationCredentials.cs") state(2)
Script is not up to date after domain reload: guid(83b1892330f664c16ac7cfaf0c0607f2) path("Assets/_Scripts/Projectile.cs") state(2)
Script is not up to date after domain reload: guid(b29af44841cd6644e876233cd057bc18) path("Packages/com.unity.collab-proxy/Editor/Views/CreateWorkspace/Dialogs/RepositoryExplorerDialog.cs") state(2)
Script is not up to date after domain reload: guid(d9369fa547ca81b4fafa42a3e74c1b7a) path("Packages/com.unity.collab-proxy/Editor/AssetsUtils/GetSelectedPaths.cs") state(2)
Script is not up to date after domain reload: guid(68d5bb402c52edc48b494a59b8971758) path("Packages/com.unity.collab-proxy/Editor/Configuration/EncryptionConfigurationDialog.cs") state(2)
Script is not up to date after domain reload: guid(ade7225274b3d4c32a9eb7e64f83c5a1) path("Packages/com.unity.collab-proxy/Editor/Views/PendingChanges/ChangeCategoryTreeViewItem.cs") state(2)
Script is not up to date after domain reload: guid(1dc96db8ece508c4696f7e89c2cd11e3) path("Packages/com.unity.collab-proxy/Editor/UnityConfigurationChecker.cs") state(2)
Script is not up to date after domain reload: guid(41633509da720014cbd77f755b378ce7) path("Packages/com.unity.collab-proxy/Editor/Views/CreateWorkspace/CreateWorkspaceViewState.cs") state(2)
Script is not up to date after domain reload: guid(615ff93ab52eb8242a9194d4f711676f) path("Packages/com.unity.collab-proxy/Editor/Configuration/CloudEdition/Welcome/OrganizationPanel.cs") state(2)
Script is not up to date after domain reload: guid(7985a2b6ab3fac849929b1e2d51fe9cf) path("Packages/com.unity.collab-proxy/Editor/Hub/Operations/OperationParams.cs") state(2)
Script is not up to date after domain reload: guid(30e9a0b4c58f24512803e160e0216686) path("Packages/com.unity.collab-proxy/Editor/WorkspaceWindow.cs") state(2)
Refreshing native plugins compatible for Editor in 0.80 ms, found 2 plugins.
Preloading 0 native plugins for Editor in 0.00 ms.
Unloading 3013 Unused Serialized files (Serialized files now loaded: 0)
Unloading 13 unused Assets / (27.6 KB). Loaded Objects now: 3515.
Memory consumption went from 129.8 MB to 129.8 MB.
Total: 2.477666 ms (FindLiveObjects: 0.123375 ms CreateObjectMapping: 0.041042 ms MarkObjects: 2.273833 ms  DeleteObjects: 0.039084 ms)

Prepare: number of updated asset objects reloaded= 0
AssetImportParameters requested are different than current active one (requested -> active):
  custom:container-demuxer-ogg: 62fdf1f143b41e24485cea50d1cbac27 -> 
  custom:video-decoder-ogg-theora: a1e56fd34408186e4bbccfd4996cb3dc -> 
  custom:CustomObjectIndexerAttribute: 9a22284fe3817be447336de3de66b15e -> 
  custom:container-demuxer-webm: 4f35f7cbe854078d1ac9338744f61a02 -> 
  custom:container-muxer-webm: aa71ff27fc2769a1b78a27578f13a17b -> 
  custom:video-decoder-webm-vp8: 9c59270c3fd7afecdb556c50c9e8de78 -> 
  custom:SearchIndexIgnoredProperties: e643bd26f0fe6173181afceb89e7c659 -> 
  custom:AudioImporter_EditorPlatform: 3918e3fc78b5a79bad01e8451be0beb8 -> 
  custom:framework-osx-AVFoundation: e770b220cccbd017edd2c1fefb359320 -> 
  custom:video-encoder-webm-vp8: eb34c28f22e8b96e1ab97ce403110664 -> 
  custom:audio-decoder-ogg-vorbis: bf7c407c2cedff20999df2af8eb42d56 -> 
  custom:audio-encoder-webm-vorbis: bf7c407c2cedff20999df2af8eb42d56 -> 
========================================================================
Received Import Request.
  Time since last request: 624.868359 seconds.
  path: Assets/_Prefabs/Projectile.prefab
  artifactKey: Guid(6e2327e7cea5d48a4b8686496ccbe164) Importer(815301076,1909f56bfc062723c751e8b465ee728b)
Start importing Assets/_Prefabs/Projectile.prefab using Guid(6e2327e7cea5d48a4b8686496ccbe164) Importer(815301076,1909f56bfc062723c751e8b465ee728b) [PhysX] Initialized MultithreadedTaskDispatcher with 8 workers.
 -> (artifact id: '48f058ab728486af727e9dbdd74dee78') in 0.001925 seconds
Number of updated asset objects reloaded before import = 0
Number of asset objects unloaded after import = 0
========================================================================
Received Import Request.
  Time since last request: 0.000039 seconds.
  path: Assets/_Prefabs/Castle 3.prefab
  artifactKey: Guid(b207e01bb5e43482bab96fe75ec1ffda) Importer(815301076,1909f56bfc062723c751e8b465ee728b)
Start importing Assets/_Prefabs/Castle 3.prefab using Guid(b207e01bb5e43482bab96fe75ec1ffda) Importer(815301076,1909f56bfc062723c751e8b465ee728b) [PhysX] Initialized MultithreadedTaskDispatcher with 8 workers.
 -> (artifact id: '81ee49b430a4ea1afba64ba22ec6e1bf') in 0.000250 seconds
Number of updated asset objects reloaded before import = 0
Number of asset objects unloaded after import = 0
========================================================================
Received Import Request.
  Time since last request: 0.000140 seconds.
  path: Assets/_Prefabs/Castle 2.prefab
  artifactKey: Guid(68f957652e0764e9baa92dd519c3e36c) Importer(815301076,1909f56bfc062723c751e8b465ee728b)
Start importing Assets/_Prefabs/Castle 2.prefab using Guid(68f957652e0764e9baa92dd519c3e36c) Importer(815301076,1909f56bfc062723c751e8b465ee728b) [PhysX] Initialized MultithreadedTaskDispatcher with 8 workers.
 -> (artifact id: '6c80e3e8b6ddf2caa49f95f4cada7f9a') in 0.000201 seconds
Number of updated asset objects reloaded before import = 0
Number of asset objects unloaded after import = 0
========================================================================
Received Prepare
Script is not up to date after domain reload: guid(9b917d42ad338ab4494088f574472998) path("Packages/com.unity.collab-proxy/Editor/Views/Merge/Gluon/IncomingChangesTab.cs") state(2)
Script is not up to date after domain reload: guid(f1b80531a496e644abedd795c21274cb) path("Packages/com.unity.collab-proxy/Editor/Developer/ProgressOperationHandler.cs") state(2)
Script is not up to date after domain reload: guid(a0fc5252a48d8b34f945b4ae3ad45030) path("Packages/com.unity.collab-proxy/Editor/Views/Branch/Dialogs/CreateBranchDialog.cs") state(2)
Script is not up to date after domain reload: guid(ac908610ab768459d9be962750408b43) path("Packages/com.unity.collab-proxy/Editor/UI/PlasticDialog.cs") state(2)
Script is not up to date after domain reload: guid(28ce2dedf734c7c4e8ad114c00173d65) path("Packages/com.unity.collab-proxy/Editor/Inspector/DrawInspectorOperations.cs") state(2)
Script is not up to date after domain reload: guid(71c34e5fa319ca644b6806e573c33d88) path("Packages/com.unity.collab-proxy/Editor/Gluon/Errors/ErrorListViewItem.cs") state(2)
Script is not up to date after domain reload: guid(9b17ac8ceb35dc74fbf646862e01a782) path("Packages/com.unity.collab-proxy/Editor/Gluon/IncomingChangesNotification.cs") state(2)
Script is not up to date after domain reload: guid(7f2f2eb277e02054cbc5ccee904b593b) path("Packages/com.unity.collab-proxy/Editor/Views/Merge/Gluon/IncomingChangesTreeView.cs") state(2)
Script is not up to date after domain reload: guid(05b4d56bb0dca1b458c2e10c2548663b) path("Packages/com.unity.collab-proxy/Editor/Views/PendingChanges/PendingChangesTab_Operations.cs") state(2)
Script is not up to date after domain reload: guid(59e682a8b37338a46910fa9a939425e3) path("Packages/com.unity.collab-proxy/Editor/Views/Changesets/ChangesetsListView.cs") state(2)
Script is not up to date after domain reload: guid(c456fa791a741a045a8a99ee73af2ae6) path("Packages/com.unity.collab-proxy/Editor/AssetMenu/AssetMenuOperations.cs") state(2)
Script is not up to date after domain reload: guid(6629f1bb292b749a18b5fff7994c8b19) path("Packages/com.unity.collab-proxy/Editor/PlasticWindow.cs") state(2)
Script is not up to date after domain reload: guid(a9881fce7e445b84bbbd53752db30fe9) path("Packages/com.unity.collab-proxy/Editor/Views/Merge/Developer/DirectoryConflicts/DrawDirectoryResolutionPanel.cs") state(2)
Script is not up to date after domain reload: guid(7aad121cec1867b4493b3b31bc5c8a26) path("Packages/com.unity.collab-proxy/Editor/VCSPlugin.cs") state(2)
Script is not up to date after domain reload: guid(7c21251ff4b7d844292a388e81e47e59) path("Packages/com.unity.collab-proxy/Editor/Configuration/AutoConfig.cs") state(2)
Script is not up to date after domain reload: guid(cc9b578c680471e41965738c85cbabbf) path("Packages/com.unity.collab-proxy/Editor/Developer/IncomingChangesNotification.cs") state(2)
Script is not up to date after domain reload: guid(100f9184f13dd20448c29dc74f30dce1) path("Packages/com.unity.collab-proxy/Editor/Toolbar/ToolbarButton.cs") state(2)
Script is not up to date after domain reload: guid(2b3223ee740687445a7e4bc793fa2aae) path("Packages/com.unity.collab-proxy/Editor/Configuration/ConfigurePartialWorkspace.cs") state(2)
Script is not up to date after domain reload: guid(a9e847d045a7744b08c7a37912965cdc) path("Packages/com.unity.collab-proxy/Editor/Views/PendingChanges/ChangeTreeViewItem.cs") state(2)
Script is not up to date after domain reload: guid(de7c5b4b6cb58e546b24137064ac9025) path("Packages/com.unity.collab-proxy/Editor/Hub/Operations/CreateWorkspace.cs") state(2)
Script is not up to date after domain reload: guid(d1c46ccb760d06146a24b7e265e19566) path("Packages/com.unity.collab-proxy/Editor/WebApi/CredentialsResponse.cs") state(2)
Script is not up to date after domain reload: guid(a077a49d9db9de74f827f0568f6e65c2) path("Packages/com.unity.collab-proxy/Editor/AssetsUtils/AssetsPath.cs") state(2)
Script is not up to date after domain reload: guid(a840d4787ba856c4dbaf61207189b00c) path("Packages/com.unity.collab-proxy/Editor/AutoRefresh.cs") state(2)
Script is not up to date after domain reload: guid(2dae17e8419667e46a2a476dd2cd18e0) path("Packages/com.unity.collab-proxy/Editor/UI/StatusBar/StatusBar.cs") state(2)
Script is not up to date after domain reload: guid(29e0becc4ce852c439ff3e642f0375bd) path("Packages/com.unity.collab-proxy/Editor/Views/CreateWorkspace/PerformInitialCheckin.cs") state(2)
Script is not up to date after domain reload: guid(3a49359b59c12b74386ca6816923ec2c) path("Packages/com.unity.collab-proxy/Editor/Views/History/HistoryTab.cs") state(2)
Script is not up to date after domain reload: guid(c60feb8f0f5f57c4393eae9a43529616) path("Packages/com.unity.collab-proxy/Editor/UI/UnityConstants.cs") state(2)
Script is not up to date after domain reload: guid(e57a1c5d3e1c8844eb3893fed51c9727) path("Packages/com.unity.collab-proxy/Editor/WebApi/WebRestApiClient.cs") state(2)
Script is not up to date after domain reload: guid(678db227e4ffec949980d309c0532b08) path("Packages/com.unity.collab-proxy/Editor/AssetMenu/Dialogs/CheckinDialog.cs") state(2)
Script is not up to date after domain reload: guid(d287890d8b11cb7498506935c825b43d) path("Packages/com.unity.collab-proxy/Editor/Views/Merge/Gluon/IncomingChangesSelection.cs") state(2)
Script is not up to date after domain reload: guid(4ad84899006a47b9b710662c93ec6448) path("Packages/com.unity.collab-proxy/Editor/Views/Locks/LocksListView.cs") state(2)
Script is not up to date after domain reload: guid(e210f95899b654f50b335e8f56ff0efa) path("Assets/_Scripts/Slingshot.cs") state(2)
Script is not up to date after domain reload: guid(2350e7d7f6d79024da24dea8f15a6881) path("Packages/com.unity.collab-proxy/Editor/Views/Branch/BranchesTab.cs") state(2)
Script is not up to date after domain reload: guid(349d4bc84d3b4fa48a1970539c06144c) path("Packages/com.unity.collab-proxy/Editor/Views/Merge/Gluon/IncomingChangesViewMenu.cs") state(2)
Script is not up to date after domain reload: guid(f4a41e458bcb22946bcfa6b165c90288) path("Packages/com.unity.collab-proxy/Editor/Views/Branch/BranchesListHeaderState.cs") state(2)
Script is not up to date after domain reload: guid(5474cb78511de04459cac50d50b9d9e0) path("Packages/com.unity.collab-proxy/Editor/UI/DrawSearchField.cs") state(2)
Script is not up to date after domain reload: guid(0ee79162e06c6984a97600b7c0680611) path("Packages/com.unity.collab-proxy/Editor/Views/Diff/DiffPanel.cs") state(2)
Script is not up to date after domain reload: guid(09b199e86de5d1944ab9106ca2c11f75) path("Packages/com.unity.collab-proxy/Editor/Gluon/ProgressOperationHandler.cs") state(2)
Script is not up to date after domain reload: guid(1b2dfd8c552c2468ca523d8dbb93ea5d) path("Packages/com.unity.collab-proxy/Editor/Views/PendingChanges/PendingChangesTab.cs") state(2)
Script is not up to date after domain reload: guid(faf2afd8696f4604f82f46b06b357f06) path("Packages/com.unity.collab-proxy/Editor/Views/Merge/Gluon/ChangeCategoryTreeViewItem.cs") state(2)
Script is not up to date after domain reload: guid(65c9d93f86da86b41a712d92e8f03dc2) path("Packages/com.unity.collab-proxy/Editor/UI/GetPlasticShortcut.cs") state(2)
Script is not up to date after domain reload: guid(d491adc3134c2ac4d9e3c61ed42a7ccd) path("Packages/com.unity.collab-proxy/Editor/Views/Merge/Gluon/ChangeTreeViewItem.cs") state(2)
Script is not up to date after domain reload: guid(ca17c170df6db5042b70adc65fbe770c) path("Packages/com.unity.collab-proxy/Editor/PlasticMenuItem.cs") state(2)
Script is not up to date after domain reload: guid(8e956137d866cfc4797b1830930ed57e) path("Packages/com.unity.collab-proxy/Editor/ExternalLink.cs") state(2)
Script is not up to date after domain reload: guid(a1f5156c89fd104459e8ec0cc3098899) path("Packages/com.unity.collab-proxy/Editor/Views/Branch/BranchesViewMenu.cs") state(2)
Script is not up to date after domain reload: guid(608efd4e185fb9440bb8550d98e20ca4) path("Packages/com.unity.collab-proxy/Editor/Hub/Operations/DownloadRepository.cs") state(2)
Script is not up to date after domain reload: guid(d097a5d507694ba7ac97bc9a9f2942e3) path("Packages/com.unity.collab-proxy/Editor/Settings/PlasticProjectSettingsProvider.cs") state(2)
Script is not up to date after domain reload: guid(a6d05b29e607e62478df26227566e1b9) path("Packages/com.unity.collab-proxy/Editor/Tool/LaunchTool.cs") state(2)
Script is not up to date after domain reload: guid(594dcd9e9e4804aa281a66d024d30752) path("Packages/com.unity.collab-proxy/Editor/Views/PendingChanges/PendingChangesTreeView.cs") state(2)
Script is not up to date after domain reload: guid(bba806fdb20eb5a4da6cc856323d6273) path("Packages/com.unity.collab-proxy/Editor/Configuration/CloudEdition/Welcome/SignInPanel.cs") state(2)
Script is not up to date after domain reload: guid(45d03e5c984da3448b417289e95e4291) path("Packages/com.unity.collab-proxy/Editor/Views/PendingChanges/Dialogs/FilterRulesConfirmationDialog.cs") state(2)
Script is not up to date after domain reload: guid(0f222cc01be81b842b1333c92fb7355c) path("Packages/com.unity.collab-proxy/Editor/UI/DrawUserIcon.cs") state(2)
Script is not up to date after domain reload: guid(c46424c57c6462945b14ac0c95281406) path("Packages/com.unity.collab-proxy/Editor/Configuration/CredentialsDialog.cs") state(2)
Script is not up to date after domain reload: guid(9bef80072d106be4ea36de88adc0e985) path("Packages/com.unity.collab-proxy/Editor/Inspector/InspectorAssetSelection.cs") state(2)
Script is not up to date after domain reload: guid(c18598e9d808edb4583a6aa724ffc268) path("Packages/com.unity.collab-proxy/Editor/Views/CreateWorkspace/Dialogs/RepositoriesListView.cs") state(2)
Script is not up to date after domain reload: guid(de6e8913aefd69d4ca90a7216d225d3a) path("Packages/com.unity.collab-proxy/Editor/Tool/ToolConstants.cs") state(2)
Script is not up to date after domain reload: guid(e57affb3c41ab402e86f99747be972a2) path("Packages/com.unity.collab-proxy/Editor/Views/PendingChanges/PendingChangesTreeHeaderState.cs") state(2)
Script is not up to date after domain reload: guid(61f74d0a8a3f1f542b8afe99e65686df) path("Packages/com.unity.collab-proxy/Editor/Views/CreateWorkspace/Dialogs/CreateRepositoryDialog.cs") state(2)
Script is not up to date after domain reload: guid(d765c78b18a58b14a986b34841ae9c52) path("Packages/com.unity.collab-proxy/Editor/UI/Images.cs") state(2)
Script is not up to date after domain reload: guid(7a04ed4805f84fd4a8ceee51915ba39a) path("Packages/com.unity.collab-proxy/Editor/Views/Merge/IIncomingChangesTab.cs") state(2)
Script is not up to date after domain reload: guid(f25df29da91c45449ada5f3da8cf20ea) path("Packages/com.unity.collab-proxy/Editor/Tool/IsExeAvailable.cs") state(2)
Script is not up to date after domain reload: guid(2f536f0e9a974d75b293f6aee8e2cdf2) path("Packages/com.unity.collab-proxy/Editor/Views/Locks/LocksTab.cs") state(2)
Script is not up to date after domain reload: guid(d877163a4d5b71945ae435ce29592751) path("Packages/com.unity.collab-proxy/Editor/_Deprecated/CollabMigration/MigrateCollabProject.cs") state(2)
Script is not up to date after domain reload: guid(331d1c37d891f334390adb8324042856) path("Packages/com.unity.collab-proxy/Editor/Gluon/Errors/ErrorsListView.cs") state(2)
Script is not up to date after domain reload: guid(2c9c0041347ae4e4cb794a3da850fa79) path("Packages/com.unity.collab-proxy/Editor/Views/Diff/DiffTreeViewMenu.cs") state(2)
Script is not up to date after domain reload: guid(21c48a9c4396ce94eb4a38975f725e8c) path("Packages/com.unity.collab-proxy/Editor/PlasticShutdown.cs") state(2)
Script is not up to date after domain reload: guid(aebdb56b44622b2468b014e27e5e28e5) path("Packages/com.unity.collab-proxy/Editor/PlasticPlugin.cs") state(2)
Script is not up to date after domain reload: guid(06e8f2c592322e640ae99a833427b552) path("Packages/com.unity.collab-proxy/Editor/Views/Changesets/ChangesetsTab_Operations.cs") state(2)
Script is not up to date after domain reload: guid(0ad54f9e1bb701142b116d0d1ed98437) path("Packages/com.unity.collab-proxy/Editor/Configuration/CloudEdition/Welcome/CloudEditionWelcomeWindow.cs") state(2)
Script is not up to date after domain reload: guid(83882c7718d0fc34f8a05141328ceac1) path("Packages/com.unity.collab-proxy/Editor/Views/CreateWorkspace/Dialogs/RepositoryListViewItem.cs") state(2)
Script is not up to date after domain reload: guid(c0821447a35700c4280782d1092cf4c5) path("Packages/com.unity.collab-proxy/Editor/Views/Merge/Gluon/IncomingChangesTreeHeaderState.cs") state(2)
Script is not up to date after domain reload: guid(23471c5c18843794fba363cb093b5a05) path("Packages/com.unity.collab-proxy/Editor/Views/PendingChanges/DrawCommentTextArea.cs") state(2)
Script is not up to date after domain reload: guid(806bdb4f911275c4ca1ee81fde4b4d4f) path("Packages/com.unity.collab-proxy/Editor/Configuration/CloudEdition/Welcome/AutoLogin.cs") state(2)
Script is not up to date after domain reload: guid(608f66b5adac272459273ddaf3e4db5d) path("Packages/com.unity.collab-proxy/Editor/PlasticApp.cs") state(2)
Script is not up to date after domain reload: guid(0092dcc3ac595ea43981eedc23012f72) path("Packages/com.unity.collab-proxy/Editor/Views/PendingChanges/PendingChangesViewPendingChangeMenu.cs") state(2)
Script is not up to date after domain reload: guid(e9ffdef169b1cbb4e9910671a9ee83bc) path("Packages/com.unity.collab-proxy/Editor/AssetsUtils/Processor/AssetPostprocessor.cs") state(2)
Script is not up to date after domain reload: guid(156e16594aa6bd54cb77aa3f8eae5c82) path("Packages/com.unity.collab-proxy/Editor/Views/Diff/ChangeCategoryTreeViewItem.cs") state(2)
Script is not up to date after domain reload: guid(3f227b28cf424364489edd67fce697bc) path("Packages/com.unity.collab-proxy/Editor/AssetOverlays/Cache/AssetStatusCache.cs") state(2)
Script is not up to date after domain reload: guid(226459a134855504d841db6b61519d2b) path("Packages/com.unity.collab-proxy/Editor/AssetOverlays/Cache/LocalStatusCache.cs") state(2)
Script is not up to date after domain reload: guid(5b6e8a80709e2264eb383ef6b40e181f) path("Packages/com.unity.collab-proxy/Editor/Views/History/HistoryListHeaderState.cs") state(2)
Script is not up to date after domain reload: guid(cd17bd02643083b43bac72747b7641ff) path("Packages/com.unity.collab-proxy/Editor/NewIncomingChanges.cs") state(2)
Script is not up to date after domain reload: guid(b6aa72bc8240f514988bcccf4cf3cef5) path("Packages/com.unity.collab-proxy/Editor/_Deprecated/WebApi/IsCollabProjectMigratedResponse.cs") state(2)
Script is not up to date after domain reload: guid(3a6fba741cdd5fb4982a73a4d791754f) path("Packages/com.unity.collab-proxy/Editor/UI/DockEditorWindow.cs") state(2)
Script is not up to date after domain reload: guid(cf7c1a153f50c6548bfff5dfd2ef5dff) path("Packages/com.unity.collab-proxy/Editor/SwitchModeConfirmationDialog.cs") state(2)
Script is not up to date after domain reload: guid(595175d7af8f8234a9336a60e33b4f32) path("Packages/com.unity.collab-proxy/Editor/UI/Tree/DrawTreeViewItem.cs") state(2)
Script is not up to date after domain reload: guid(640fd06dff6f43498693eeda77683e6e) path("Packages/com.unity.collab-proxy/Editor/UI/DrawActionButtonWithMenu.cs") state(2)
Script is not up to date after domain reload: guid(0f34fdc6653d640839eaa1d2bc1bd538) path("Packages/com.unity.collab-proxy/Editor/Views/Locks/LocksViewMenu.cs") state(2)
Script is not up to date after domain reload: guid(7c8a8e3e4456f9149905cf2c80aa41a9) path("Packages/com.unity.collab-proxy/Editor/AssetMenu/AssetMenuItems.cs") state(2)
Script is not up to date after domain reload: guid(363c1190d7979084c84a0421cedb3a51) path("Packages/com.unity.collab-proxy/Editor/WebApi/CurrentUserAdminCheckResponse.cs") state(2)
Script is not up to date after domain reload: guid(3ccc9b689652f0b40b53c731af81f034) path("Packages/com.unity.collab-proxy/Editor/Views/PendingChanges/Dialogs/LaunchDependenciesDialog.cs") state(2)
Script is not up to date after domain reload: guid(c584c584ba20f4daea226141b9e55bd0) path("Packages/com.unity.collab-proxy/Editor/Views/PendingChanges/Dialogs/DependenciesDialog.cs") state(2)
Script is not up to date after domain reload: guid(69ebbdad2c303214683305d65fe26726) path("Packages/com.unity.collab-proxy/Editor/Views/Merge/Developer/ChangeTreeViewItem.cs") state(2)
Script is not up to date after domain reload: guid(b8a49294ba135a2408fd1b26bcda6f97) path("Packages/com.unity.collab-proxy/Editor/AssetMenu/ProjectViewAssetSelection.cs") state(2)
Script is not up to date after domain reload: guid(5013a6f8fee1f2a49b06f75fc5a6ece4) path("Packages/com.unity.collab-proxy/Editor/Views/Merge/Developer/IsCurrent.cs") state(2)
Script is not up to date after domain reload: guid(7495e44f1cb132745a310485807e68f6) path("Packages/com.unity.collab-proxy/Editor/AssetsUtils/RefreshAsset.cs") state(2)
Script is not up to date after domain reload: guid(118b64466f3c7c24e98e147660e2eb98) path("Packages/com.unity.collab-proxy/Editor/_Deprecated/WebApi/ChangesetFromCollabCommitResponse.cs") state(2)
Script is not up to date after domain reload: guid(ee61022c90cce0b49bb0e459b11ec2ee) path("Packages/com.unity.collab-proxy/Editor/UI/UnityPlasticGuiMessage.cs") state(2)
Script is not up to date after domain reload: guid(701a688f3cb0245579bf46b63d0b7134) path("Packages/com.unity.collab-proxy/Editor/UI/RunModal.cs") state(2)
Script is not up to date after domain reload: guid(8b1d1407c22e5844698f18df6a9f1781) path("Packages/com.unity.collab-proxy/Editor/_Deprecated/CollabPlugin.cs") state(2)
Script is not up to date after domain reload: guid(bd26c4fb413ea6d4687ebc488ff8a8c4) path("Packages/com.unity.collab-proxy/Editor/UI/Tree/DrawTreeViewEmptyState.cs") state(2)
Script is not up to date after domain reload: guid(d5366deaa0659eb44aa77a86d8bdc01a) path("Packages/com.unity.collab-proxy/Editor/UI/Tree/GetChangesOverlayIcon.cs") state(2)
Script is not up to date after domain reload: guid(c408e05e88bc93c458a3195b15e9d625) path("Packages/com.unity.collab-proxy/Editor/Views/Merge/Developer/ChangeCategoryTreeViewItem.cs") state(2)
Script is not up to date after domain reload: guid(077387e98bf29fb4a97bccfb592cfaf7) path("Packages/com.unity.collab-proxy/Editor/Configuration/CloudEdition/Welcome/WaitingSignInPanel.cs") state(2)
Script is not up to date after domain reload: guid(9019d1f6d4a14cb49a269dbffb6ea011) path("Packages/com.unity.collab-proxy/Editor/PlasticConnectionMonitor.cs") state(2)
Script is not up to date after domain reload: guid(397f62458d0ad3441aaaa1a738bd4f94) path("Packages/com.unity.collab-proxy/Editor/Views/Changesets/ChangesetsViewMenu.cs") state(2)
Script is not up to date after domain reload: guid(d6db53f93de967c489902da57a7290a1) path("Packages/com.unity.collab-proxy/Editor/Views/Merge/Developer/IsResolved.cs") state(2)
Script is not up to date after domain reload: guid(fdec637f96aaa6546ad88a90cae5dcf1) path("Packages/com.unity.collab-proxy/Editor/AssetsUtils/Processor/WorkspaceOperationsMonitor.cs") state(2)
Script is not up to date after domain reload: guid(0a3ad267026374439be70d4b4cd3d4f7) path("Packages/com.unity.collab-proxy/Editor/UI/UnityStyles.cs") state(2)
Script is not up to date after domain reload: guid(471badd5c87fb154885f11cdf1b49a00) path("Packages/com.unity.collab-proxy/Editor/Views/Changesets/ChangesetsTab.cs") state(2)
Script is not up to date after domain reload: guid(a9298a2c04dfc944bbc6ea156f4e2104) path("Packages/com.unity.collab-proxy/Editor/Views/Welcome/WelcomeView.cs") state(2)
Script is not up to date after domain reload: guid(8c069d7fb0d30cf499458f0d9c9fe035) path("Packages/com.unity.collab-proxy/Editor/Gluon/Errors/ErrorsListHeaderState.cs") state(2)
Script is not up to date after domain reload: guid(f1969c6a4a44a474983058896f48d9f5) path("Packages/com.unity.collab-proxy/Editor/Configuration/SSOCredentialsDialog.cs") state(2)
Script is not up to date after domain reload: guid(f88a4e9dbb5a07744954a86cbb61d54f) path("Packages/com.unity.collab-proxy/Editor/Views/Merge/Developer/DirectoryConflicts/ConflictResolutionState.cs") state(2)
Script is not up to date after domain reload: guid(4932f8b3d8c26804bb16dc5cb5b766ce) path("Packages/com.unity.collab-proxy/Editor/WebApi/TokenExchangeResponse.cs") state(2)
Script is not up to date after domain reload: guid(0188683ab76112f4897348feb19a3b77) path("Packages/com.unity.collab-proxy/Editor/Gluon/UpdateReport/ErrorListViewItem.cs") state(2)
Script is not up to date after domain reload: guid(6fb9548ec1290b943b7beca241c81e7d) path("Packages/com.unity.collab-proxy/Editor/Views/Merge/Gluon/UnityIncomingChangesTree.cs") state(2)
Script is not up to date after domain reload: guid(63860c9f5f91cbb4ea813deafa1327a0) path("Packages/com.unity.collab-proxy/Editor/WebApi/SubscriptionDetailsResponse.cs") state(2)
Script is not up to date after domain reload: guid(ea0c99d9630e5ca40ba541545beec9b8) path("Packages/com.unity.collab-proxy/Editor/PlasticNotification.cs") state(2)
Script is not up to date after domain reload: guid(85f4628ae66f0eb439e59db66adbc696) path("Packages/com.unity.collab-proxy/Editor/Configuration/CloudEdition/Welcome/SignInWithEmailPanel.cs") state(2)
Script is not up to date after domain reload: guid(1b909cb14b9a08c45b5d03f0b61feecb) path("Packages/com.unity.collab-proxy/Editor/Views/Branch/BranchesListView.cs") state(2)
Script is not up to date after domain reload: guid(692efc1eed5c84f29bf2d65887fd852c) path("Assets/_Scripts/FollowCam.cs") state(2)
Script is not up to date after domain reload: guid(788db2c7ca3c2804d912f447ffc19856) path("Packages/com.unity.collab-proxy/Editor/Views/CreateWorkspace/DrawCreateWorkspaceView.cs") state(2)
Script is not up to date after domain reload: guid(14c7ad7d838cc1d4691f5d9ca504f0ac) path("Packages/com.unity.collab-proxy/Editor/DrawGuiModeSwitcher.cs") state(2)
Script is not up to date after domain reload: guid(f6aa8eca9e9e84840b73620eb177ea9e) path("Packages/com.unity.collab-proxy/Editor/CheckWorkspaceTreeNodeStatus.cs") state(2)
Script is not up to date after domain reload: guid(7ff9581aa143f4d41b4e351881b8f459) path("Packages/com.unity.collab-proxy/Editor/Views/Changesets/ChangesetsListHeaderState.cs") state(2)
Script is not up to date after domain reload: guid(896223e567b01c747b4726ef429e31ea) path("Packages/com.unity.collab-proxy/Editor/ViewSwitcher.cs") state(2)
Script is not up to date after domain reload: guid(c08cfcfc4c2c46c46940ed103538acae) path("Packages/com.unity.collab-proxy/Editor/UI/DrawActionButton.cs") state(2)
Script is not up to date after domain reload: guid(2bdca37e8ede38949a186765fa1eefc6) path("Packages/com.unity.collab-proxy/Editor/UI/ShowWindow.cs") state(2)
Script is not up to date after domain reload: guid(75e502da07ff345528edbecd094b5cb5) path("Packages/com.unity.collab-proxy/Editor/UI/CooldownWindowDelayer.cs") state(2)
Script is not up to date after domain reload: guid(5294f667272fcb2438a79369c92cc7e7) path("Packages/com.unity.collab-proxy/Editor/Views/CreateWorkspace/CreateWorkspaceView.cs") state(2)
Script is not up to date after domain reload: guid(c3cec769cd6ff2849aa09c811b62e611) path("Packages/com.unity.collab-proxy/Editor/Views/History/HistoryListViewMenu.cs") state(2)
Script is not up to date after domain reload: guid(802adf99bdbb1a3439a0a09ae5664192) path("Packages/com.unity.collab-proxy/Editor/AssetsUtils/SaveAssets.cs") state(2)
Script is not up to date after domain reload: guid(2e38b4690fec967478ecffad444155e6) path("Packages/com.unity.collab-proxy/Editor/_Deprecated/WebApi/OrganizationCredentials.cs") state(2)
Script is not up to date after domain reload: guid(83b1892330f664c16ac7cfaf0c0607f2) path("Assets/_Scripts/Projectile.cs") state(2)
Script is not up to date after domain reload: guid(b29af44841cd6644e876233cd057bc18) path("Packages/com.unity.collab-proxy/Editor/Views/CreateWorkspace/Dialogs/RepositoryExplorerDialog.cs") state(2)
Script is not up to date after domain reload: guid(d9369fa547ca81b4fafa42a3e74c1b7a) path("Packages/com.unity.collab-proxy/Editor/AssetsUtils/GetSelectedPaths.cs") state(2)
Script is not up to date after domain reload: guid(68d5bb402c52edc48b494a59b8971758) path("Packages/com.unity.collab-proxy/Editor/Configuration/EncryptionConfigurationDialog.cs") state(2)
Script is not up to date after domain reload: guid(ade7225274b3d4c32a9eb7e64f83c5a1) path("Packages/com.unity.collab-proxy/Editor/Views/PendingChanges/ChangeCategoryTreeViewItem.cs") state(2)
Script is not up to date after domain reload: guid(1dc96db8ece508c4696f7e89c2cd11e3) path("Packages/com.unity.collab-proxy/Editor/UnityConfigurationChecker.cs") state(2)
Script is not up to date after domain reload: guid(41633509da720014cbd77f755b378ce7) path("Packages/com.unity.collab-proxy/Editor/Views/CreateWorkspace/CreateWorkspaceViewState.cs") state(2)
Script is not up to date after domain reload: guid(615ff93ab52eb8242a9194d4f711676f) path("Packages/com.unity.collab-proxy/Editor/Configuration/CloudEdition/Welcome/OrganizationPanel.cs") state(2)
Script is not up to date after domain reload: guid(7985a2b6ab3fac849929b1e2d51fe9cf) path("Packages/com.unity.collab-proxy/Editor/Hub/Operations/OperationParams.cs") state(2)
Script is not up to date after domain reload: guid(30e9a0b4c58f24512803e160e0216686) path("Packages/com.unity.collab-proxy/Editor/WorkspaceWindow.cs") state(2)
Caller must complete domain reload
Begin MonoManager ReloadAssembly
Thread 0x16b59f000 may have been prematurely finalized
- Loaded All Assemblies, in  0.333 seconds
Native extension for OSXStandalone target not found
Native extension for WebGL target not found
Mono: successfully reloaded assembly
- Finished resetting the current domain, in  0.733 seconds
Domain Reload Profiling: 1066ms
	BeginReloadAssembly (95ms)
		ExecutionOrderSort (0ms)
		DisableScriptedObjects (3ms)
		BackupInstance (0ms)
		ReleaseScriptingObjects (0ms)
		CreateAndSetChildDomain (32ms)
	RebuildCommonClasses (24ms)
	RebuildNativeTypeToScriptingClass (8ms)
	initialDomainReloadingComplete (21ms)
	LoadAllAssembliesAndSetupDomain (185ms)
		LoadAssemblies (179ms)
		RebuildTransferFunctionScriptingTraits (0ms)
		AnalyzeDomain (38ms)
			TypeCache.Refresh (33ms)
				TypeCache.ScanAssembly (0ms)
			ScanForSourceGeneratedMonoScriptInfo (0ms)
			ResolveRequiredComponents (4ms)
	FinalizeReload (733ms)
		ReleaseScriptCaches (0ms)
		RebuildScriptCaches (0ms)
		SetupLoadedEditorAssemblies (241ms)
			LogAssemblyErrors (0ms)
			InitializePlatformSupportModulesInManaged (5ms)
			SetLoadedEditorAssemblies (3ms)
			RefreshPlugins (0ms)
			BeforeProcessingInitializeOnLoad (36ms)
			ProcessInitializeOnLoadAttributes (185ms)
			ProcessInitializeOnLoadMethodAttributes (12ms)
			AfterProcessingInitializeOnLoad (1ms)
			EditorAssembliesLoaded (0ms)
		ExecutionOrderSort2 (0ms)
		AwakeInstancesAfterBackupRestoration (3ms)
Script is not up to date after domain reload: guid(9b917d42ad338ab4494088f574472998) path("Packages/com.unity.collab-proxy/Editor/Views/Merge/Gluon/IncomingChangesTab.cs") state(2)
Script is not up to date after domain reload: guid(f1b80531a496e644abedd795c21274cb) path("Packages/com.unity.collab-proxy/Editor/Developer/ProgressOperationHandler.cs") state(2)
Script is not up to date after domain reload: guid(a0fc5252a48d8b34f945b4ae3ad45030) path("Packages/com.unity.collab-proxy/Editor/Views/Branch/Dialogs/CreateBranchDialog.cs") state(2)
Script is not up to date after domain reload: guid(ac908610ab768459d9be962750408b43) path("Packages/com.unity.collab-proxy/Editor/UI/PlasticDialog.cs") state(2)
Script is not up to date after domain reload: guid(28ce2dedf734c7c4e8ad114c00173d65) path("Packages/com.unity.collab-proxy/Editor/Inspector/DrawInspectorOperations.cs") state(2)
Script is not up to date after domain reload: guid(71c34e5fa319ca644b6806e573c33d88) path("Packages/com.unity.collab-proxy/Editor/Gluon/Errors/ErrorListViewItem.cs") state(2)
Script is not up to date after domain reload: guid(9b17ac8ceb35dc74fbf646862e01a782) path("Packages/com.unity.collab-proxy/Editor/Gluon/IncomingChangesNotification.cs") state(2)
Script is not up to date after domain reload: guid(7f2f2eb277e02054cbc5ccee904b593b) path("Packages/com.unity.collab-proxy/Editor/Views/Merge/Gluon/IncomingChangesTreeView.cs") state(2)
Script is not up to date after domain reload: guid(05b4d56bb0dca1b458c2e10c2548663b) path("Packages/com.unity.collab-proxy/Editor/Views/PendingChanges/PendingChangesTab_Operations.cs") state(2)
Script is not up to date after domain reload: guid(59e682a8b37338a46910fa9a939425e3) path("Packages/com.unity.collab-proxy/Editor/Views/Changesets/ChangesetsListView.cs") state(2)
Script is not up to date after domain reload: guid(c456fa791a741a045a8a99ee73af2ae6) path("Packages/com.unity.collab-proxy/Editor/AssetMenu/AssetMenuOperations.cs") state(2)
Script is not up to date after domain reload: guid(6629f1bb292b749a18b5fff7994c8b19) path("Packages/com.unity.collab-proxy/Editor/PlasticWindow.cs") state(2)
Script is not up to date after domain reload: guid(a9881fce7e445b84bbbd53752db30fe9) path("Packages/com.unity.collab-proxy/Editor/Views/Merge/Developer/DirectoryConflicts/DrawDirectoryResolutionPanel.cs") state(2)
Script is not up to date after domain reload: guid(7aad121cec1867b4493b3b31bc5c8a26) path("Packages/com.unity.collab-proxy/Editor/VCSPlugin.cs") state(2)
Script is not up to date after domain reload: guid(7c21251ff4b7d844292a388e81e47e59) path("Packages/com.unity.collab-proxy/Editor/Configuration/AutoConfig.cs") state(2)
Script is not up to date after domain reload: guid(cc9b578c680471e41965738c85cbabbf) path("Packages/com.unity.collab-proxy/Editor/Developer/IncomingChangesNotification.cs") state(2)
Script is not up to date after domain reload: guid(100f9184f13dd20448c29dc74f30dce1) path("Packages/com.unity.collab-proxy/Editor/Toolbar/ToolbarButton.cs") state(2)
Script is not up to date after domain reload: guid(2b3223ee740687445a7e4bc793fa2aae) path("Packages/com.unity.collab-proxy/Editor/Configuration/ConfigurePartialWorkspace.cs") state(2)
Script is not up to date after domain reload: guid(a9e847d045a7744b08c7a37912965cdc) path("Packages/com.unity.collab-proxy/Editor/Views/PendingChanges/ChangeTreeViewItem.cs") state(2)
Script is not up to date after domain reload: guid(de7c5b4b6cb58e546b24137064ac9025) path("Packages/com.unity.collab-proxy/Editor/Hub/Operations/CreateWorkspace.cs") state(2)
Script is not up to date after domain reload: guid(d1c46ccb760d06146a24b7e265e19566) path("Packages/com.unity.collab-proxy/Editor/WebApi/CredentialsResponse.cs") state(2)
Script is not up to date after domain reload: guid(a077a49d9db9de74f827f0568f6e65c2) path("Packages/com.unity.collab-proxy/Editor/AssetsUtils/AssetsPath.cs") state(2)
Script is not up to date after domain reload: guid(a840d4787ba856c4dbaf61207189b00c) path("Packages/com.unity.collab-proxy/Editor/AutoRefresh.cs") state(2)
Script is not up to date after domain reload: guid(2dae17e8419667e46a2a476dd2cd18e0) path("Packages/com.unity.collab-proxy/Editor/UI/StatusBar/StatusBar.cs") state(2)
Script is not up to date after domain reload: guid(29e0becc4ce852c439ff3e642f0375bd) path("Packages/com.unity.collab-proxy/Editor/Views/CreateWorkspace/PerformInitialCheckin.cs") state(2)
Script is not up to date after domain reload: guid(3a49359b59c12b74386ca6816923ec2c) path("Packages/com.unity.collab-proxy/Editor/Views/History/HistoryTab.cs") state(2)
Script is not up to date after domain reload: guid(c60feb8f0f5f57c4393eae9a43529616) path("Packages/com.unity.collab-proxy/Editor/UI/UnityConstants.cs") state(2)
Script is not up to date after domain reload: guid(e57a1c5d3e1c8844eb3893fed51c9727) path("Packages/com.unity.collab-proxy/Editor/WebApi/WebRestApiClient.cs") state(2)
Script is not up to date after domain reload: guid(678db227e4ffec949980d309c0532b08) path("Packages/com.unity.collab-proxy/Editor/AssetMenu/Dialogs/CheckinDialog.cs") state(2)
Script is not up to date after domain reload: guid(d287890d8b11cb7498506935c825b43d) path("Packages/com.unity.collab-proxy/Editor/Views/Merge/Gluon/IncomingChangesSelection.cs") state(2)
Script is not up to date after domain reload: guid(4ad84899006a47b9b710662c93ec6448) path("Packages/com.unity.collab-proxy/Editor/Views/Locks/LocksListView.cs") state(2)
Script is not up to date after domain reload: guid(e210f95899b654f50b335e8f56ff0efa) path("Assets/_Scripts/Slingshot.cs") state(2)
Script is not up to date after domain reload: guid(2350e7d7f6d79024da24dea8f15a6881) path("Packages/com.unity.collab-proxy/Editor/Views/Branch/BranchesTab.cs") state(2)
Script is not up to date after domain reload: guid(349d4bc84d3b4fa48a1970539c06144c) path("Packages/com.unity.collab-proxy/Editor/Views/Merge/Gluon/IncomingChangesViewMenu.cs") state(2)
Script is not up to date after domain reload: guid(f4a41e458bcb22946bcfa6b165c90288) path("Packages/com.unity.collab-proxy/Editor/Views/Branch/BranchesListHeaderState.cs") state(2)
Script is not up to date after domain reload: guid(5474cb78511de04459cac50d50b9d9e0) path("Packages/com.unity.collab-proxy/Editor/UI/DrawSearchField.cs") state(2)
Script is not up to date after domain reload: guid(0ee79162e06c6984a97600b7c0680611) path("Packages/com.unity.collab-proxy/Editor/Views/Diff/DiffPanel.cs") state(2)
Script is not up to date after domain reload: guid(09b199e86de5d1944ab9106ca2c11f75) path("Packages/com.unity.collab-proxy/Editor/Gluon/ProgressOperationHandler.cs") state(2)
Script is not up to date after domain reload: guid(1b2dfd8c552c2468ca523d8dbb93ea5d) path("Packages/com.unity.collab-proxy/Editor/Views/PendingChanges/PendingChangesTab.cs") state(2)
Script is not up to date after domain reload: guid(faf2afd8696f4604f82f46b06b357f06) path("Packages/com.unity.collab-proxy/Editor/Views/Merge/Gluon/ChangeCategoryTreeViewItem.cs") state(2)
Script is not up to date after domain reload: guid(65c9d93f86da86b41a712d92e8f03dc2) path("Packages/com.unity.collab-proxy/Editor/UI/GetPlasticShortcut.cs") state(2)
Script is not up to date after domain reload: guid(d491adc3134c2ac4d9e3c61ed42a7ccd) path("Packages/com.unity.collab-proxy/Editor/Views/Merge/Gluon/ChangeTreeViewItem.cs") state(2)
Script is not up to date after domain reload: guid(ca17c170df6db5042b70adc65fbe770c) path("Packages/com.unity.collab-proxy/Editor/PlasticMenuItem.cs") state(2)
Script is not up to date after domain reload: guid(8e956137d866cfc4797b1830930ed57e) path("Packages/com.unity.collab-proxy/Editor/ExternalLink.cs") state(2)
Script is not up to date after domain reload: guid(a1f5156c89fd104459e8ec0cc3098899) path("Packages/com.unity.collab-proxy/Editor/Views/Branch/BranchesViewMenu.cs") state(2)
Script is not up to date after domain reload: guid(608efd4e185fb9440bb8550d98e20ca4) path("Packages/com.unity.collab-proxy/Editor/Hub/Operations/DownloadRepository.cs") state(2)
Script is not up to date after domain reload: guid(d097a5d507694ba7ac97bc9a9f2942e3) path("Packages/com.unity.collab-proxy/Editor/Settings/PlasticProjectSettingsProvider.cs") state(2)
Script is not up to date after domain reload: guid(a6d05b29e607e62478df26227566e1b9) path("Packages/com.unity.collab-proxy/Editor/Tool/LaunchTool.cs") state(2)
Script is not up to date after domain reload: guid(594dcd9e9e4804aa281a66d024d30752) path("Packages/com.unity.collab-proxy/Editor/Views/PendingChanges/PendingChangesTreeView.cs") state(2)
Script is not up to date after domain reload: guid(bba806fdb20eb5a4da6cc856323d6273) path("Packages/com.unity.collab-proxy/Editor/Configuration/CloudEdition/Welcome/SignInPanel.cs") state(2)
Script is not up to date after domain reload: guid(45d03e5c984da3448b417289e95e4291) path("Packages/com.unity.collab-proxy/Editor/Views/PendingChanges/Dialogs/FilterRulesConfirmationDialog.cs") state(2)
Script is not up to date after domain reload: guid(0f222cc01be81b842b1333c92fb7355c) path("Packages/com.unity.collab-proxy/Editor/UI/DrawUserIcon.cs") state(2)
Script is not up to date after domain reload: guid(c46424c57c6462945b14ac0c95281406) path("Packages/com.unity.collab-proxy/Editor/Configuration/CredentialsDialog.cs") state(2)
Script is not up to date after domain reload: guid(9bef80072d106be4ea36de88adc0e985) path("Packages/com.unity.collab-proxy/Editor/Inspector/InspectorAssetSelection.cs") state(2)
Script is not up to date after domain reload: guid(c18598e9d808edb4583a6aa724ffc268) path("Packages/com.unity.collab-proxy/Editor/Views/CreateWorkspace/Dialogs/RepositoriesListView.cs") state(2)
Script is not up to date after domain reload: guid(de6e8913aefd69d4ca90a7216d225d3a) path("Packages/com.unity.collab-proxy/Editor/Tool/ToolConstants.cs") state(2)
Script is not up to date after domain reload: guid(e57affb3c41ab402e86f99747be972a2) path("Packages/com.unity.collab-proxy/Editor/Views/PendingChanges/PendingChangesTreeHeaderState.cs") state(2)
Script is not up to date after domain reload: guid(61f74d0a8a3f1f542b8afe99e65686df) path("Packages/com.unity.collab-proxy/Editor/Views/CreateWorkspace/Dialogs/CreateRepositoryDialog.cs") state(2)
Script is not up to date after domain reload: guid(d765c78b18a58b14a986b34841ae9c52) path("Packages/com.unity.collab-proxy/Editor/UI/Images.cs") state(2)
Script is not up to date after domain reload: guid(7a04ed4805f84fd4a8ceee51915ba39a) path("Packages/com.unity.collab-proxy/Editor/Views/Merge/IIncomingChangesTab.cs") state(2)
Script is not up to date after domain reload: guid(f25df29da91c45449ada5f3da8cf20ea) path("Packages/com.unity.collab-proxy/Editor/Tool/IsExeAvailable.cs") state(2)
Script is not up to date after domain reload: guid(2f536f0e9a974d75b293f6aee8e2cdf2) path("Packages/com.unity.collab-proxy/Editor/Views/Locks/LocksTab.cs") state(2)
Script is not up to date after domain reload: guid(d877163a4d5b71945ae435ce29592751) path("Packages/com.unity.collab-proxy/Editor/_Deprecated/CollabMigration/MigrateCollabProject.cs") state(2)
Script is not up to date after domain reload: guid(331d1c37d891f334390adb8324042856) path("Packages/com.unity.collab-proxy/Editor/Gluon/Errors/ErrorsListView.cs") state(2)
Script is not up to date after domain reload: guid(2c9c0041347ae4e4cb794a3da850fa79) path("Packages/com.unity.collab-proxy/Editor/Views/Diff/DiffTreeViewMenu.cs") state(2)
Script is not up to date after domain reload: guid(21c48a9c4396ce94eb4a38975f725e8c) path("Packages/com.unity.collab-proxy/Editor/PlasticShutdown.cs") state(2)
Script is not up to date after domain reload: guid(aebdb56b44622b2468b014e27e5e28e5) path("Packages/com.unity.collab-proxy/Editor/PlasticPlugin.cs") state(2)
Script is not up to date after domain reload: guid(06e8f2c592322e640ae99a833427b552) path("Packages/com.unity.collab-proxy/Editor/Views/Changesets/ChangesetsTab_Operations.cs") state(2)
Script is not up to date after domain reload: guid(0ad54f9e1bb701142b116d0d1ed98437) path("Packages/com.unity.collab-proxy/Editor/Configuration/CloudEdition/Welcome/CloudEditionWelcomeWindow.cs") state(2)
Script is not up to date after domain reload: guid(83882c7718d0fc34f8a05141328ceac1) path("Packages/com.unity.collab-proxy/Editor/Views/CreateWorkspace/Dialogs/RepositoryListViewItem.cs") state(2)
Script is not up to date after domain reload: guid(c0821447a35700c4280782d1092cf4c5) path("Packages/com.unity.collab-proxy/Editor/Views/Merge/Gluon/IncomingChangesTreeHeaderState.cs") state(2)
Script is not up to date after domain reload: guid(23471c5c18843794fba363cb093b5a05) path("Packages/com.unity.collab-proxy/Editor/Views/PendingChanges/DrawCommentTextArea.cs") state(2)
Script is not up to date after domain reload: guid(806bdb4f911275c4ca1ee81fde4b4d4f) path("Packages/com.unity.collab-proxy/Editor/Configuration/CloudEdition/Welcome/AutoLogin.cs") state(2)
Script is not up to date after domain reload: guid(608f66b5adac272459273ddaf3e4db5d) path("Packages/com.unity.collab-proxy/Editor/PlasticApp.cs") state(2)
Script is not up to date after domain reload: guid(0092dcc3ac595ea43981eedc23012f72) path("Packages/com.unity.collab-proxy/Editor/Views/PendingChanges/PendingChangesViewPendingChangeMenu.cs") state(2)
Script is not up to date after domain reload: guid(e9ffdef169b1cbb4e9910671a9ee83bc) path("Packages/com.unity.collab-proxy/Editor/AssetsUtils/Processor/AssetPostprocessor.cs") state(2)
Script is not up to date after domain reload: guid(156e16594aa6bd54cb77aa3f8eae5c82) path("Packages/com.unity.collab-proxy/Editor/Views/Diff/ChangeCategoryTreeViewItem.cs") state(2)
Script is not up to date after domain reload: guid(3f227b28cf424364489edd67fce697bc) path("Packages/com.unity.collab-proxy/Editor/AssetOverlays/Cache/AssetStatusCache.cs") state(2)
Script is not up to date after domain reload: guid(226459a134855504d841db6b61519d2b) path("Packages/com.unity.collab-proxy/Editor/AssetOverlays/Cache/LocalStatusCache.cs") state(2)
Script is not up to date after domain reload: guid(5b6e8a80709e2264eb383ef6b40e181f) path("Packages/com.unity.collab-proxy/Editor/Views/History/HistoryListHeaderState.cs") state(2)
Script is not up to date after domain reload: guid(cd17bd02643083b43bac72747b7641ff) path("Packages/com.unity.collab-proxy/Editor/NewIncomingChanges.cs") state(2)
Script is not up to date after domain reload: guid(b6aa72bc8240f514988bcccf4cf3cef5) path("Packages/com.unity.collab-proxy/Editor/_Deprecated/WebApi/IsCollabProjectMigratedResponse.cs") state(2)
Script is not up to date after domain reload: guid(3a6fba741cdd5fb4982a73a4d791754f) path("Packages/com.unity.collab-proxy/Editor/UI/DockEditorWindow.cs") state(2)
Script is not up to date after domain reload: guid(cf7c1a153f50c6548bfff5dfd2ef5dff) path("Packages/com.unity.collab-proxy/Editor/SwitchModeConfirmationDialog.cs") state(2)
Script is not up to date after domain reload: guid(595175d7af8f8234a9336a60e33b4f32) path("Packages/com.unity.collab-proxy/Editor/UI/Tree/DrawTreeViewItem.cs") state(2)
Script is not up to date after domain reload: guid(640fd06dff6f43498693eeda77683e6e) path("Packages/com.unity.collab-proxy/Editor/UI/DrawActionButtonWithMenu.cs") state(2)
Script is not up to date after domain reload: guid(0f34fdc6653d640839eaa1d2bc1bd538) path("Packages/com.unity.collab-proxy/Editor/Views/Locks/LocksViewMenu.cs") state(2)
Script is not up to date after domain reload: guid(7c8a8e3e4456f9149905cf2c80aa41a9) path("Packages/com.unity.collab-proxy/Editor/AssetMenu/AssetMenuItems.cs") state(2)
Script is not up to date after domain reload: guid(363c1190d7979084c84a0421cedb3a51) path("Packages/com.unity.collab-proxy/Editor/WebApi/CurrentUserAdminCheckResponse.cs") state(2)
Script is not up to date after domain reload: guid(3ccc9b689652f0b40b53c731af81f034) path("Packages/com.unity.collab-proxy/Editor/Views/PendingChanges/Dialogs/LaunchDependenciesDialog.cs") state(2)
Script is not up to date after domain reload: guid(c584c584ba20f4daea226141b9e55bd0) path("Packages/com.unity.collab-proxy/Editor/Views/PendingChanges/Dialogs/DependenciesDialog.cs") state(2)
Script is not up to date after domain reload: guid(69ebbdad2c303214683305d65fe26726) path("Packages/com.unity.collab-proxy/Editor/Views/Merge/Developer/ChangeTreeViewItem.cs") state(2)
Script is not up to date after domain reload: guid(b8a49294ba135a2408fd1b26bcda6f97) path("Packages/com.unity.collab-proxy/Editor/AssetMenu/ProjectViewAssetSelection.cs") state(2)
Script is not up to date after domain reload: guid(5013a6f8fee1f2a49b06f75fc5a6ece4) path("Packages/com.unity.collab-proxy/Editor/Views/Merge/Developer/IsCurrent.cs") state(2)
Script is not up to date after domain reload: guid(7495e44f1cb132745a310485807e68f6) path("Packages/com.unity.collab-proxy/Editor/AssetsUtils/RefreshAsset.cs") state(2)
Script is not up to date after domain reload: guid(118b64466f3c7c24e98e147660e2eb98) path("Packages/com.unity.collab-proxy/Editor/_Deprecated/WebApi/ChangesetFromCollabCommitResponse.cs") state(2)
Script is not up to date after domain reload: guid(ee61022c90cce0b49bb0e459b11ec2ee) path("Packages/com.unity.collab-proxy/Editor/UI/UnityPlasticGuiMessage.cs") state(2)
Script is not up to date after domain reload: guid(701a688f3cb0245579bf46b63d0b7134) path("Packages/com.unity.collab-proxy/Editor/UI/RunModal.cs") state(2)
Script is not up to date after domain reload: guid(8b1d1407c22e5844698f18df6a9f1781) path("Packages/com.unity.collab-proxy/Editor/_Deprecated/CollabPlugin.cs") state(2)
Script is not up to date after domain reload: guid(bd26c4fb413ea6d4687ebc488ff8a8c4) path("Packages/com.unity.collab-proxy/Editor/UI/Tree/DrawTreeViewEmptyState.cs") state(2)
Script is not up to date after domain reload: guid(d5366deaa0659eb44aa77a86d8bdc01a) path("Packages/com.unity.collab-proxy/Editor/UI/Tree/GetChangesOverlayIcon.cs") state(2)
Script is not up to date after domain reload: guid(c408e05e88bc93c458a3195b15e9d625) path("Packages/com.unity.collab-proxy/Editor/Views/Merge/Developer/ChangeCategoryTreeViewItem.cs") state(2)
Script is not up to date after domain reload: guid(077387e98bf29fb4a97bccfb592cfaf7) path("Packages/com.unity.collab-proxy/Editor/Configuration/CloudEdition/Welcome/WaitingSignInPanel.cs") state(2)
Script is not up to date after domain reload: guid(9019d1f6d4a14cb49a269dbffb6ea011) path("Packages/com.unity.collab-proxy/Editor/PlasticConnectionMonitor.cs") state(2)
Script is not up to date after domain reload: guid(397f62458d0ad3441aaaa1a738bd4f94) path("Packages/com.unity.collab-proxy/Editor/Views/Changesets/ChangesetsViewMenu.cs") state(2)
Script is not up to date after domain reload: guid(d6db53f93de967c489902da57a7290a1) path("Packages/com.unity.collab-proxy/Editor/Views/Merge/Developer/IsResolved.cs") state(2)
Script is not up to date after domain reload: guid(fdec637f96aaa6546ad88a90cae5dcf1) path("Packages/com.unity.collab-proxy/Editor/AssetsUtils/Processor/WorkspaceOperationsMonitor.cs") state(2)
Script is not up to date after domain reload: guid(0a3ad267026374439be70d4b4cd3d4f7) path("Packages/com.unity.collab-proxy/Editor/UI/UnityStyles.cs") state(2)
Script is not up to date after domain reload: guid(471badd5c87fb154885f11cdf1b49a00) path("Packages/com.unity.collab-proxy/Editor/Views/Changesets/ChangesetsTab.cs") state(2)
Script is not up to date after domain reload: guid(a9298a2c04dfc944bbc6ea156f4e2104) path("Packages/com.unity.collab-proxy/Editor/Views/Welcome/WelcomeView.cs") state(2)
Script is not up to date after domain reload: guid(8c069d7fb0d30cf499458f0d9c9fe035) path("Packages/com.unity.collab-proxy/Editor/Gluon/Errors/ErrorsListHeaderState.cs") state(2)
Script is not up to date after domain reload: guid(f1969c6a4a44a474983058896f48d9f5) path("Packages/com.unity.collab-proxy/Editor/Configuration/SSOCredentialsDialog.cs") state(2)
Script is not up to date after domain reload: guid(f88a4e9dbb5a07744954a86cbb61d54f) path("Packages/com.unity.collab-proxy/Editor/Views/Merge/Developer/DirectoryConflicts/ConflictResolutionState.cs") state(2)
Script is not up to date after domain reload: guid(4932f8b3d8c26804bb16dc5cb5b766ce) path("Packages/com.unity.collab-proxy/Editor/WebApi/TokenExchangeResponse.cs") state(2)
Script is not up to date after domain reload: guid(0188683ab76112f4897348feb19a3b77) path("Packages/com.unity.collab-proxy/Editor/Gluon/UpdateReport/ErrorListViewItem.cs") state(2)
Script is not up to date after domain reload: guid(6fb9548ec1290b943b7beca241c81e7d) path("Packages/com.unity.collab-proxy/Editor/Views/Merge/Gluon/UnityIncomingChangesTree.cs") state(2)
Script is not up to date after domain reload: guid(63860c9f5f91cbb4ea813deafa1327a0) path("Packages/com.unity.collab-proxy/Editor/WebApi/SubscriptionDetailsResponse.cs") state(2)
Script is not up to date after domain reload: guid(ea0c99d9630e5ca40ba541545beec9b8) path("Packages/com.unity.collab-proxy/Editor/PlasticNotification.cs") state(2)
Script is not up to date after domain reload: guid(85f4628ae66f0eb439e59db66adbc696) path("Packages/com.unity.collab-proxy/Editor/Configuration/CloudEdition/Welcome/SignInWithEmailPanel.cs") state(2)
Script is not up to date after domain reload: guid(1b909cb14b9a08c45b5d03f0b61feecb) path("Packages/com.unity.collab-proxy/Editor/Views/Branch/BranchesListView.cs") state(2)
Script is not up to date after domain reload: guid(692efc1eed5c84f29bf2d65887fd852c) path("Assets/_Scripts/FollowCam.cs") state(2)
Script is not up to date after domain reload: guid(788db2c7ca3c2804d912f447ffc19856) path("Packages/com.unity.collab-proxy/Editor/Views/CreateWorkspace/DrawCreateWorkspaceView.cs") state(2)
Script is not up to date after domain reload: guid(14c7ad7d838cc1d4691f5d9ca504f0ac) path("Packages/com.unity.collab-proxy/Editor/DrawGuiModeSwitcher.cs") state(2)
Script is not up to date after domain reload: guid(f6aa8eca9e9e84840b73620eb177ea9e) path("Packages/com.unity.collab-proxy/Editor/CheckWorkspaceTreeNodeStatus.cs") state(2)
Script is not up to date after domain reload: guid(7ff9581aa143f4d41b4e351881b8f459) path("Packages/com.unity.collab-proxy/Editor/Views/Changesets/ChangesetsListHeaderState.cs") state(2)
Script is not up to date after domain reload: guid(896223e567b01c747b4726ef429e31ea) path("Packages/com.unity.collab-proxy/Editor/ViewSwitcher.cs") state(2)
Script is not up to date after domain reload: guid(c08cfcfc4c2c46c46940ed103538acae) path("Packages/com.unity.collab-proxy/Editor/UI/DrawActionButton.cs") state(2)
Script is not up to date after domain reload: guid(2bdca37e8ede38949a186765fa1eefc6) path("Packages/com.unity.collab-proxy/Editor/UI/ShowWindow.cs") state(2)
Script is not up to date after domain reload: guid(75e502da07ff345528edbecd094b5cb5) path("Packages/com.unity.collab-proxy/Editor/UI/CooldownWindowDelayer.cs") state(2)
Script is not up to date after domain reload: guid(5294f667272fcb2438a79369c92cc7e7) path("Packages/com.unity.collab-proxy/Editor/Views/CreateWorkspace/CreateWorkspaceView.cs") state(2)
Script is not up to date after domain reload: guid(c3cec769cd6ff2849aa09c811b62e611) path("Packages/com.unity.collab-proxy/Editor/Views/History/HistoryListViewMenu.cs") state(2)
Script is not up to date after domain reload: guid(802adf99bdbb1a3439a0a09ae5664192) path("Packages/com.unity.collab-proxy/Editor/AssetsUtils/SaveAssets.cs") state(2)
Script is not up to date after domain reload: guid(2e38b4690fec967478ecffad444155e6) path("Packages/com.unity.collab-proxy/Editor/_Deprecated/WebApi/OrganizationCredentials.cs") state(2)
Script is not up to date after domain reload: guid(83b1892330f664c16ac7cfaf0c0607f2) path("Assets/_Scripts/Projectile.cs") state(2)
Script is not up to date after domain reload: guid(b29af44841cd6644e876233cd057bc18) path("Packages/com.unity.collab-proxy/Editor/Views/CreateWorkspace/Dialogs/RepositoryExplorerDialog.cs") state(2)
Script is not up to date after domain reload: guid(d9369fa547ca81b4fafa42a3e74c1b7a) path("Packages/com.unity.collab-proxy/Editor/AssetsUtils/GetSelectedPaths.cs") state(2)
Script is not up to date after domain reload: guid(68d5bb402c52edc48b494a59b8971758) path("Packages/com.unity.collab-proxy/Editor/Configuration/EncryptionConfigurationDialog.cs") state(2)
Script is not up to date after domain reload: guid(ade7225274b3d4c32a9eb7e64f83c5a1) path("Packages/com.unity.collab-proxy/Editor/Views/PendingChanges/ChangeCategoryTreeViewItem.cs") state(2)
Script is not up to date after domain reload: guid(1dc96db8ece508c4696f7e89c2cd11e3) path("Packages/com.unity.collab-proxy/Editor/UnityConfigurationChecker.cs") state(2)
Script is not up to date after domain reload: guid(41633509da720014cbd77f755b378ce7) path("Packages/com.unity.collab-proxy/Editor/Views/CreateWorkspace/CreateWorkspaceViewState.cs") state(2)
Script is not up to date after domain reload: guid(615ff93ab52eb8242a9194d4f711676f) path("Packages/com.unity.collab-proxy/Editor/Configuration/CloudEdition/Welcome/OrganizationPanel.cs") state(2)
Script is not up to date after domain reload: guid(7985a2b6ab3fac849929b1e2d51fe9cf) path("Packages/com.unity.collab-proxy/Editor/Hub/Operations/OperationParams.cs") state(2)
Script is not up to date after domain reload: guid(30e9a0b4c58f24512803e160e0216686) path("Packages/com.unity.collab-proxy/Editor/WorkspaceWindow.cs") state(2)
Refreshing native plugins compatible for Editor in 0.72 ms, found 2 plugins.
Preloading 0 native plugins for Editor in 0.00 ms.
Unloading 3013 Unused Serialized files (Serialized files now loaded: 0)
Unloading 13 unused Assets / (27.7 KB). Loaded Objects now: 3518.
Memory consumption went from 134.9 MB to 134.9 MB.
Total: 2.397125 ms (FindLiveObjects: 0.119042 ms CreateObjectMapping: 0.037542 ms MarkObjects: 2.207250 ms  DeleteObjects: 0.032875 ms)

Prepare: number of updated asset objects reloaded= 0
AssetImportParameters requested are different than current active one (requested -> active):
  custom:container-demuxer-ogg: 62fdf1f143b41e24485cea50d1cbac27 -> 
  custom:video-decoder-ogg-theora: a1e56fd34408186e4bbccfd4996cb3dc -> 
  custom:CustomObjectIndexerAttribute: 9a22284fe3817be447336de3de66b15e -> 
  custom:container-demuxer-webm: 4f35f7cbe854078d1ac9338744f61a02 -> 
  custom:container-muxer-webm: aa71ff27fc2769a1b78a27578f13a17b -> 
  custom:video-decoder-webm-vp8: 9c59270c3fd7afecdb556c50c9e8de78 -> 
  custom:SearchIndexIgnoredProperties: e643bd26f0fe6173181afceb89e7c659 -> 
  custom:AudioImporter_EditorPlatform: 3918e3fc78b5a79bad01e8451be0beb8 -> 
  custom:framework-osx-AVFoundation: e770b220cccbd017edd2c1fefb359320 -> 
  custom:video-encoder-webm-vp8: eb34c28f22e8b96e1ab97ce403110664 -> 
  custom:audio-decoder-ogg-vorbis: bf7c407c2cedff20999df2af8eb42d56 -> 
  custom:audio-encoder-webm-vorbis: bf7c407c2cedff20999df2af8eb42d56 -> 
========================================================================
Received Import Request.
  Time since last request: 363.316043 seconds.
  path: Assets/_Prefabs/Projectile.prefab
  artifactKey: Guid(6e2327e7cea5d48a4b8686496ccbe164) Importer(815301076,1909f56bfc062723c751e8b465ee728b)
Start importing Assets/_Prefabs/Projectile.prefab using Guid(6e2327e7cea5d48a4b8686496ccbe164) Importer(815301076,1909f56bfc062723c751e8b465ee728b) [PhysX] Initialized MultithreadedTaskDispatcher with 8 workers.
 -> (artifact id: '48f058ab728486af727e9dbdd74dee78') in 0.002378 seconds
Number of updated asset objects reloaded before import = 0
Number of asset objects unloaded after import = 0
========================================================================
Received Import Request.
  Time since last request: 0.000088 seconds.
  path: Assets/_Prefabs/Castle 4.prefab
  artifactKey: Guid(c5109d77a479e4ea08bf148a1fcd3618) Importer(815301076,1909f56bfc062723c751e8b465ee728b)
Start importing Assets/_Prefabs/Castle 4.prefab using Guid(c5109d77a479e4ea08bf148a1fcd3618) Importer(815301076,1909f56bfc062723c751e8b465ee728b) [PhysX] Initialized MultithreadedTaskDispatcher with 8 workers.
 -> (artifact id: 'a3d4e98349b2841d259f327bae40c148') in 0.000318 seconds
Number of updated asset objects reloaded before import = 0
Number of asset objects unloaded after import = 0
========================================================================
Received Import Request.
  Time since last request: 0.000110 seconds.
  path: Assets/_Prefabs/Castle 1.prefab
  artifactKey: Guid(680d0c2029e3b46f69802df96791f308) Importer(815301076,1909f56bfc062723c751e8b465ee728b)
Start importing Assets/_Prefabs/Castle 1.prefab using Guid(680d0c2029e3b46f69802df96791f308) Importer(815301076,1909f56bfc062723c751e8b465ee728b) [PhysX] Initialized MultithreadedTaskDispatcher with 8 workers.
 -> (artifact id: 'aaf2110e3615a821624aa1e19af9cccb') in 0.000182 seconds
Number of updated asset objects reloaded before import = 0
Number of asset objects unloaded after import = 0
========================================================================
Received Import Request.
  Time since last request: 0.000107 seconds.
  path: Assets/_Prefabs/Castle 0.prefab
  artifactKey: Guid(636b433a683e14c40ae81fe82a02547e) Importer(815301076,1909f56bfc062723c751e8b465ee728b)
Start importing Assets/_Prefabs/Castle 0.prefab using Guid(636b433a683e14c40ae81fe82a02547e) Importer(815301076,1909f56bfc062723c751e8b465ee728b) [PhysX] Initialized MultithreadedTaskDispatcher with 8 workers.
 -> (artifact id: '4f66194a97c91f8d04f17f4d6d1c0fdb') in 0.000163 seconds
Number of updated asset objects reloaded before import = 0
Number of asset objects unloaded after import = 0
========================================================================
Received Import Request.
  Time since last request: 110.486082 seconds.
  path: Assets/_Prefabs/Castle 1.prefab
  artifactKey: Guid(680d0c2029e3b46f69802df96791f308) Importer(815301076,1909f56bfc062723c751e8b465ee728b)
Start importing Assets/_Prefabs/Castle 1.prefab using Guid(680d0c2029e3b46f69802df96791f308) Importer(815301076,1909f56bfc062723c751e8b465ee728b) [PhysX] Initialized MultithreadedTaskDispatcher with 8 workers.
 -> (artifact id: 'aaf2110e3615a821624aa1e19af9cccb') in 0.005113 seconds
Number of updated asset objects reloaded before import = 0
Number of asset objects unloaded after import = 0
========================================================================
Received Import Request.
  Time since last request: 0.000209 seconds.
  path: Assets/_Prefabs/Castle 4.prefab
  artifactKey: Guid(c5109d77a479e4ea08bf148a1fcd3618) Importer(815301076,1909f56bfc062723c751e8b465ee728b)
Start importing Assets/_Prefabs/Castle 4.prefab using Guid(c5109d77a479e4ea08bf148a1fcd3618) Importer(815301076,1909f56bfc062723c751e8b465ee728b) [PhysX] Initialized MultithreadedTaskDispatcher with 8 workers.
 -> (artifact id: 'a3d4e98349b2841d259f327bae40c148') in 0.001219 seconds
Number of updated asset objects reloaded before import = 0
Number of asset objects unloaded after import = 0
========================================================================
Received Import Request.
  Time since last request: 0.000255 seconds.
  path: Assets/_Prefabs/Castle 3.prefab
  artifactKey: Guid(b207e01bb5e43482bab96fe75ec1ffda) Importer(815301076,1909f56bfc062723c751e8b465ee728b)
Start importing Assets/_Prefabs/Castle 3.prefab using Guid(b207e01bb5e43482bab96fe75ec1ffda) Importer(815301076,1909f56bfc062723c751e8b465ee728b) [PhysX] Initialized MultithreadedTaskDispatcher with 8 workers.
 -> (artifact id: '81ee49b430a4ea1afba64ba22ec6e1bf') in 0.000779 seconds
Number of updated asset objects reloaded before import = 0
Number of asset objects unloaded after import = 0
========================================================================
Received Import Request.
  Time since last request: 0.000082 seconds.
  path: Assets/_Prefabs/ProjectileLine.prefab
  artifactKey: Guid(d2c3f0f39bc584e0496505aa0f926bc9) Importer(815301076,1909f56bfc062723c751e8b465ee728b)
Start importing Assets/_Prefabs/ProjectileLine.prefab using Guid(d2c3f0f39bc584e0496505aa0f926bc9) Importer(815301076,1909f56bfc062723c751e8b465ee728b) [PhysX] Initialized MultithreadedTaskDispatcher with 8 workers.
 -> (artifact id: '0ad32d4c233d8b4741abffaa785d7b85') in 0.000646 seconds
Number of updated asset objects reloaded before import = 0
Number of asset objects unloaded after import = 0
